{
 "type": "FeatureCollection",
 "features": [
  {
   "type": "Feature",
   "properties": {
    "nivel_dBA": 55
   },
   "geometry": {
    "type": "LineString",
    "coordinates": [
     [
      3684.3944730205376,
      -8000.0
     ],
     [
      3800.0,
      -7954.012733287531
     ],
     [
      3920.0,
      -7980.030671995371
     ],
     [
      4008.6188377336157,
      -8000.0
     ]
    ]
   }
  },
  {
   "type": "Feature",
   "properties": {
    "nivel_dBA": 55
   },
   "geometry": {
    "type": "LineString",
    "coordinates": [
     [
      4116.327393423576,
      -8000.0
     ],
     [
      4160.0,
      -7949.232428738445
     ],
     [
      4167.191537414351,
      -7880.0
     ],
     [
      4211.953545554858,
      -7760.0
     ],
     [
      4280.0,
      -7690.312487253495
     ],
     [
      4400.0,
      -7693.061168937261
     ],
     [
      4520.0,
      -7715.796125716652
     ],
     [
      4640.0,
      -7757.019412076588
     ],
     [
      4760.0,
      -7742.723112393711
     ],
     [
      4880.0,
      -7666.910867087629
     ],
     [
      4923.774063497723,
      -7640.0
     ],
     [
      5000.0,
      -7601.54176009528
     ],
     [
      5120.0,
      -7582.870051871771
     ],
     [
      5240.0,
      -7571.901283534426
     ],
     [
      5360.0,
      -7526.425797092745
     ],
     [
      5372.358638352762,
      -7520.0
     ],
     [
      5480.0,
      -7464.577369093815
     ],
     [
      5544.033935135723,
      -7400.0
     ],
     [
      5600.0,
      -7331.505717217853
     ],
     [
      5675.379447404339,
      -7280.0
     ],
     [
      5720.0,
      -7251.488007629501
     ],
     [
      5840.0,
      -7184.0483418336935
     ],
     [
      5861.335773198966,
      -7160.0
     ],
     [
      5960.0,
      -7085.755627127132
     ],
     [
      6056.250886646572,
      -7040.0
     ],
     [
      6080.0,
      -7026.688418226495
     ],
     [
      6200.0,
      -7038.697398915219
     ],
     [
      6320.0,
      -6986.934794464116
     ],
     [
      6440.0,
      -6922.528132655429
     ],
     [
      6446.4673719741595,
      -6920.0
     ],
     [
      6560.0,
      -6846.412755571594
     ],
     [
      6587.910858336258,
      -6800.0
     ],
     [
      6648.525579639772,
      -6680.0
     ],
     [
      6680.0,
      -6637.4397150848135
     ],
     [
      6789.555231221225,
      -6560.0
     ],
     [
      6800.0,
      -6552.045774026117
     ],
     [
      6920.0,
      -6480.148098978969
     ],
     [
      6998.88868569072,
      -6440.0
     ],
     [
      7040.0,
      -6389.776606465364
     ],
     [
      7134.56060582336,
      -6320.0
     ],
     [
      7160.0,
      -6295.216118930155
     ],
     [
      7254.675038515883,
      -6200.0
     ],
     [
      7280.0,
      -6173.328661530873
     ],
     [
      7322.200216780161,
      -6080.0
     ],
     [
      7379.576998395415,
      -5960.0
     ],
     [
      7400.0,
      -5915.25873704392
     ],
     [
      7432.596038964684,
      -5840.0
     ],
     [
      7520.0,
      -5745.464991517001
     ],
     [
      7544.876965906506,
      -5720.0
     ],
     [
      7640.0,
      -5656.854673594853
     ],
     [
      7760.0,
      -5619.188197756552
     ],
     [
      7816.27167517821,
      -5600.0
     ],
     [
      7880.0,
      -5575.314147438039
     ],
     [
      8000.000000000001,
      -5490.893661797167
     ],
     [
      8022.642931563843,
      -5480.0
     ],
     [
      8120.0,
      -5435.930212314407
     ],
     [
      8240.0,
      -5371.464248297375
     ],
     [
      8247.069803586328,
      -5360.0
     ],
     [
      8317.071381108104,
      -5240.0
     ],
     [
      8360.0,
      -5162.933980368737
     ],
     [
      8415.133829217628,
      -5120.0
     ],
     [
      8480.0,
      -5087.158205160747
     ],
     [
      8600.0,
      -5014.870113531119
     ],
     [
      8619.143824586065,
      -5000.0
     ],
     [
      8695.688328264061,
      -4880.0
     ],
     [
      8720.0,
      -4852.96953780027
     ],
     [
      8769.43971303173,
      -4760.0
     ],
     [
      8803.467861114006,
      -4640.0
     ],
     [
      8816.84869503916,
      -4520.0
     ],
     [
      8840.0,
      -4475.3217097626975
     ],
     [
      8888.763310036698,
      -4400.0
     ],
     [
      8960.0,
      -4317.168881993687
     ],
     [
      8992.90827744815,
      -4280.0
     ],
     [
      9080.0,
      -4202.309850012551
     ],
     [
      9145.100024396277,
      -4160.0
     ],
     [
      9200.0,
      -4133.357849058563
     ],
     [
      9320.0,
      -4098.245999213108
     ],
     [
      9440.0,
      -4042.386550901515
     ],
     [
      9443.102589792888,
      -4040.0
     ],
     [
      9535.353597318157,
      -3920.0
     ],
     [
      9546.287716079896,
      -3800.0
     ],
     [
      9551.78071124822,
      -3680.0
     ],
     [
      9560.0,
      -3641.070817569955
     ],
     [
      9584.90186278383,
      -3560.0
     ],
     [
      9672.07686764158,
      -3440.0
     ],
     [
      9680.0,
      -3432.079911210235
     ],
     [
      9778.460306183251,
      -3320.0
     ],
     [
      9800.0,
      -3285.9682583963486
     ],
     [
      9847.26098621005,
      -3200.0
     ],
     [
      9920.0,
      -3116.714041324362
     ],
     [
      9953.279565896144,
      -3080.0
     ],
     [
      10040.0,
      -2993.6501181962662
     ],
     [
      10070.090447788667,
      -2960.0
     ],
     [
      10139.550981651731,
      -2840.0
     ],
     [
      10160.0,
      -2805.80568012888
     ],
     [
      10248.043055517592,
      -2720.0
     ],
     [
      10280.0,
      -2688.3018660532634
     ],
     [
      10400.0,
      -2609.0743588084233
     ],
     [
      10410.00450460438,
      -2600.0
     ],
     [
      10520.0,
      -2521.82314335973
     ],
     [
      10588.64743386886,
      -2480.0
     ],
     [
      10640.0,
      -2449.794897068383
     ],
     [
      10760.000000000002,
      -2377.9252573002286
     ],
     [
      10776.764657741605,
      -2360.0
     ],
     [
      10828.089827567177,
      -2240.0
     ],
     [
      10880.0,
      -2157.4700701260094
     ],
     [
      10912.36285570146,
      -2120.0
     ],
     [
      11000.0,
      -2078.463073187722
     ],
     [
      11102.696319522767,
      -2000.0
     ],
     [
      11120.0,
      -1979.8257572494651
     ],
     [
      11164.399514600347,
      -1880.0
     ],
     [
      11240.0,
      -1773.093429166137
     ],
     [
      11249.078711219554,
      -1760.0
     ],
     [
      11360.0,
      -1658.0204907117643
     ],
     [
      11380.593669564158,
      -1640.0
     ],
     [
      11480.0,
      -1546.7405484957012
     ],
     [
      11512.686925608066,
      -1520.0
     ],
     [
      11600.0,
      -1411.6641034227137
     ],
     [
      11611.854514545486,
      -1400.0
     ],
     [
      11703.136736979059,
      -1280.0
     ],
     [
      11720.0,
      -1266.505889329395
     ],
     [
      11839.999999999998,
      -1178.8735315355757
     ],
     [
      11902.8215627397,
      -1160.0
     ],
     [
      11960.0,
      -1143.3268281641056
     ],
     [
      12080.0,
      -1094.6064547258088
     ],
     [
      12178.3696195737,
      -1040.0
     ],
     [
      12200.0,
      -1008.0259426759147
     ],
     [
      12255.171472741216,
      -920.0
     ],
     [
      12320.0,
      -831.6231643884738
     ],
     [
      12355.911954614727,
      -800.0
     ],
     [
      12428.918434458159,
      -680.0
     ],
     [
      12401.649412179497,
      -560.0
     ],
     [
      12320.0,
      -530.8864391912712
     ],
     [
      12200.0,
      -455.82834876102436
     ],
     [
      12178.062982344689,
      -440.0
     ],
     [
      12080.0,
      -378.7544743239898
     ],
     [
      11984.114575654889,
      -320.0
     ],
     [
      11960.000000000002,
      -286.03657848387843
     ],
     [
      11869.538729620082,
      -200.0
     ],
     [
      11888.476541234126,
      -80.0
     ],
     [
      11923.7845802377,
      40.0
     ],
     [
      11954.882119911346,
      160.0
     ],
     [
      11960.0,
      168.13699050670414
     ],
     [
      12032.42060403376,
      280.0
     ],
     [
      12080.0,
      338.9861336848245
     ],
     [
      12153.39174496268,
      400.0
     ],
     [
      12200.0,
      446.87966425757213
     ],
     [
      12259.98855437139,
      520.0
     ],
     [
      12320.0,
      617.9286337772866
     ],
     [
      12337.189758927745,
      640.0
     ],
     [
      12320.0,
      672.2175712509605
     ],
     [
      12289.575225897568,
      760.0
     ],
     [
      12200.0,
      850.1147883775819
     ],
     [
      12176.580822576443,
      880.0
     ],
     [
      12080.0,
      991.371544593687
     ],
     [
      12071.692496428517,
      1000.0
     ],
     [
      11971.495989605157,
      1120.0
     ],
     [
      11960.0,
      1134.5164242258834
     ],
     [
      11862.930973949351,
      1240.0
     ],
     [
      11840.0,
      1260.6400146691217
     ],
     [
      11720.0,
      1312.129736318952
     ],
     [
      11615.820245536124,
      1360.0
     ],
     [
      11599.999999999998,
      1367.4964295688544
     ],
     [
      11480.0,
      1443.1566674109094
     ],
     [
      11437.876792146364,
      1480.0
     ],
     [
      11360.0,
      1560.3073711609363
     ],
     [
      11326.945622362831,
      1600.0
     ],
     [
      11246.09913950405,
      1720.0
     ],
     [
      11240.0,
      1732.7786523461798
     ],
     [
      11150.852227173382,
      1840.0
     ],
     [
      11120.0,
      1876.625124179724
     ],
     [
      11045.447636832381,
      1960.0
     ],
     [
      11000.0,
      2041.183909790798
     ],
     [
      10974.918556252987,
      2080.0
     ],
     [
      10880.0,
      2171.420785472381
     ],
     [
      10760.0,
      2188.899190034282
     ],
     [
      10729.965925745611,
      2200.0
     ],
     [
      10640.0,
      2265.2745049343857
     ],
     [
      10607.285384319233,
      2320.0
     ],
     [
      10520.0,
      2425.897681376388
     ],
     [
      10508.547180831372,
      2440.0
     ],
     [
      10400.0,
      2526.3269272977727
     ],
     [
      10364.32337142777,
      2560.0
     ],
     [
      10280.0,
      2676.6222468175606
     ],
     [
      10278.254462062434,
      2680.0
     ],
     [
      10223.407412349488,
      2800.0
     ],
     [
      10163.190178642255,
      2920.0
     ],
     [
      10160.0,
      2925.287104078189
     ],
     [
      10082.981802384082,
      3040.0
     ],
     [
      10040.0,
      3096.584770472598
     ],
     [
      9981.445335967504,
      3160.0
     ],
     [
      9920.0,
      3219.3337836616474
     ],
     [
      9871.86950434173,
      3280.0
     ],
     [
      9800.0,
      3371.6598253014713
     ],
     [
      9778.037396818676,
      3400.0
     ],
     [
      9702.347458185084,
      3520.0
     ],
     [
      9680.0,
      3544.588790526551
     ],
     [
      9581.38538386922,
      3640.0000000000005
     ],
     [
      9560.0,
      3656.20730169817
     ],
     [
      9440.0,
      3755.21038734468
     ],
     [
      9436.981152023849,
      3760.0
     ],
     [
      9326.532008402228,
      3879.9999999999995
     ],
     [
      9320.0,
      3889.292560657582
     ],
     [
      9241.810891761204,
      4000.0
     ],
     [
      9200.0,
      4095.550416029053
     ],
     [
      9187.125344951266,
      4120.0
     ],
     [
      9133.592407555208,
      4240.0
     ],
     [
      9080.0,
      4353.991579710558
     ],
     [
      9076.709372826655,
      4360.0
     ],
     [
      9018.535835237388,
      4480.0
     ],
     [
      8979.186281911716,
      4600.0
     ],
     [
      8960.0,
      4633.028597927084
     ],
     [
      8852.974098226852,
      4719.999999999999
     ],
     [
      8840.0,
      4728.446808095826
     ],
     [
      8720.0,
      4783.80212623016
     ],
     [
      8641.422498218344,
      4840.0
     ],
     [
      8600.0,
      4902.343530399716
     ],
     [
      8535.876056603813,
      4960.0
     ],
     [
      8480.0,
      4997.344620562543
     ],
     [
      8360.0,
      5060.049505123617
     ],
     [
      8334.980152339474,
      5080.0
     ],
     [
      8240.0,
      5199.462917201503
     ],
     [
      8239.597322330896,
      5200.0
     ],
     [
      8153.846743449883,
      5320.0
     ],
     [
      8119.999999999999,
      5349.667827330094
     ],
     [
      8071.2755182648725,
      5440.0
     ],
     [
      8011.97928453825,
      5560.0
     ],
     [
      7999.999999999999,
      5581.680701627602
     ],
     [
      7908.6655550074765,
      5680.0
     ],
     [
      7880.0,
      5704.796699342266
     ],
     [
      7760.0,
      5747.905794019449
     ],
     [
      7668.625813781702,
      5800.0
     ],
     [
      7639.999999999999,
      5823.976754015617
     ],
     [
      7570.151341632919,
      5920.0
     ],
     [
      7530.354551116587,
      6040.0
     ],
     [
      7519.999999999999,
      6080.869840840189
     ],
     [
      7508.505166278305,
      6160.0
     ],
     [
      7400.0,
      6273.743942349073
     ],
     [
      7391.222288686728,
      6280.0
     ],
     [
      7280.0,
      6346.500667858037
     ],
     [
      7160.0,
      6396.00831100161
     ],
     [
      7152.7103876932915,
      6400.0
     ],
     [
      7040.0,
      6485.042968237065
     ],
     [
      6972.417676485974,
      6520.0
     ],
     [
      6920.000000000001,
      6544.8250690183095
     ],
     [
      6800.0,
      6582.477643440102
     ],
     [
      6683.714887606156,
      6640.0
     ],
     [
      6680.0,
      6641.455624836984
     ],
     [
      6560.0,
      6665.91264480569
     ],
     [
      6440.0,
      6731.053133261143
     ],
     [
      6421.390127388635,
      6760.0
     ],
     [
      6350.775879185995,
      6880.0
     ],
     [
      6320.0,
      6908.082299474225
     ],
     [
      6200.0,
      6945.583338498457
     ],
     [
      6104.831186026882,
      7000.0
     ],
     [
      6079.999999999999,
      7020.765491500924
     ],
     [
      6006.023811164925,
      7120.0
     ],
     [
      5960.0,
      7180.54016795799
     ],
     [
      5863.497900324526,
      7240.0
     ],
     [
      5840.0,
      7248.533539513183
     ],
     [
      5720.0,
      7265.16974111713
     ],
     [
      5600.0,
      7274.376074333517
     ],
     [
      5480.0,
      7298.388645205527
     ],
     [
      5360.0,
      7348.383931737645
     ],
     [
      5349.908203043603,
      7360.0
     ],
     [
      5360.0,
      7388.818859646619
     ],
     [
      5394.837760652909,
      7480.000000000001
     ],
     [
      5360.0,
      7525.506107589004
     ],
     [
      5272.852791821995,
      7600.0
     ],
     [
      5240.0,
      7619.375345260281
     ],
     [
      5177.031562938357,
      7600.0
     ],
     [
      5120.0,
      7576.085930804729
     ],
     [
      5000.0,
      7510.943773099909
     ],
     [
      4880.0,
      7532.8993712015035
     ],
     [
      4760.0,
      7578.41709263261
     ],
     [
      4674.762066577326,
      7600.0
     ],
     [
      4639.999999999999,
      7610.791896143368
     ],
     [
      4520.000000000001,
      7600.674974585498
     ],
     [
      4400.0,
      7700.307359886624
     ],
     [
      4392.667645235666,
      7720.0
     ],
     [
      4355.885318105556,
      7840.0
     ],
     [
      4283.24230763426,
      7960.000000000001
     ],
     [
      4280.0,
      7964.753995402056
     ],
     [
      4160.0,
      8016.282645222884
     ],
     [
      4111.363360666374,
      7960.0
     ],
     [
      4040.0,
      7917.633415349923
     ],
     [
      3920.0,
      7851.544449958138
     ],
     [
      3800.0,
      7876.244260888992
     ],
     [
      3680.0,
      7938.119214953134
     ],
     [
      3651.949160769705,
      7960.0
     ],
     [
      3595.3930515029024,
      8080.0
     ]
    ]
   }
  },
  {
   "type": "Feature",
   "properties": {
    "nivel_dBA": 55
   },
   "geometry": {
    "type": "LineString",
    "coordinates": [
     [
      -4086.422513383892,
      8080.0
     ],
     [
      -4075.2682502836633,
      7960.0
     ],
     [
      -4100.943156366206,
      7840.0
     ],
     [
      -4120.0,
      7828.971704261053
     ],
     [
      -4133.2435361201,
      7840.0
     ],
     [
      -4210.276519119236,
      7960.0
     ],
     [
      -4240.0,
      7972.215429459268
     ],
     [
      -4360.0,
      7964.826211774412
     ],
     [
      -4367.445781210862,
      7960.0
     ],
     [
      -4480.0,
      7915.504692987213
     ],
     [
      -4532.396339822183,
      7840.0
     ],
     [
      -4600.0,
      7767.9459095851125
     ],
     [
      -4643.42683420347,
      7720.0
     ],
     [
      -4720.0,
      7652.106929638747
     ],
     [
      -4840.000000000001,
      7604.708943235512
     ],
     [
      -4849.862044366837,
      7600.0
     ],
     [
      -4960.0,
      7563.0680956541655
     ],
     [
      -5080.0,
      7540.26815178188
     ],
     [
      -5200.0,
      7550.6675711566495
     ],
     [
      -5320.0,
      7536.727262921295
     ],
     [
      -5410.657203340802,
      7480.0
     ],
     [
      -5440.0,
      7452.18961695759
     ],
     [
      -5527.862348915904,
      7360.0
     ],
     [
      -5560.0,
      7308.877862476023
     ],
     [
      -5680.0,
      7296.930591662704
     ],
     [
      -5800.0,
      7289.226862396688
     ],
     [
      -5888.5304687488315,
      7240.0
     ],
     [
      -5920.0,
      7219.491534197738
     ],
     [
      -6040.000000000001,
      7138.107875350469
     ],
     [
      -6093.0455238053555,
      7120.0
     ],
     [
      -6160.0,
      7087.015667022835
     ],
     [
      -6280.0,
      7052.691173633969
     ],
     [
      -6336.1280941115965,
      7000.0
     ],
     [
      -6396.314697296915,
      6880.0
     ],
     [
      -6400.0,
      6873.554566143832
     ],
     [
      -6444.735295451321,
      6760.0
     ],
     [
      -6470.256890097992,
      6640.0
     ],
     [
      -6518.905553365088,
      6520.0
     ],
     [
      -6520.0,
      6519.136395637221
     ],
     [
      -6528.30108427312,
      6520.0
     ],
     [
      -6640.0,
      6541.937818112891
     ],
     [
      -6711.317669005829,
      6520.0
     ],
     [
      -6760.0,
      6509.483865238881
     ],
     [
      -6880.0,
      6477.146650061868
     ],
     [
      -6965.065492016556,
      6400.0
     ],
     [
      -7000.0,
      6377.894713196003
     ],
     [
      -7105.108234361391,
      6280.0
     ],
     [
      -7120.0,
      6268.698258403149
     ],
     [
      -7240.0,
      6194.48045617448
     ],
     [
      -7303.512736638026,
      6160.0
     ],
     [
      -7360.0,
      6138.138512096231
     ],
     [
      -7480.0,
      6091.669655940077
     ],
     [
      -7600.0,
      6063.4592159896
     ],
     [
      -7653.990321183026,
      6040.0
     ],
     [
      -7720.0,
      5930.588283555044
     ],
     [
      -7723.622136658419,
      5920.0
     ],
     [
      -7725.10221442521,
      5800.0
     ],
     [
      -7751.222876782293,
      5680.0
     ],
     [
      -7840.0,
      5593.183033159049
     ],
     [
      -7874.376173879125,
      5560.0
     ],
     [
      -7960.0,
      5497.413032755573
     ],
     [
      -8037.413269595952,
      5440.0
     ],
     [
      -8080.0,
      5397.456619099691
     ],
     [
      -8160.966116766649,
      5320.0
     ],
     [
      -8200.0,
      5261.640618259745
     ],
     [
      -8260.427025903498,
      5200.0
     ],
     [
      -8320.0,
      5142.347286854244
     ],
     [
      -8415.507154040622,
      5080.0
     ],
     [
      -8440.0,
      5057.527263940057
     ],
     [
      -8522.306418578617,
      4960.0
     ],
     [
      -8560.0,
      4920.102668639288
     ],
     [
      -8601.193439982417,
      4840.0
     ],
     [
      -8680.0,
      4746.556341532375
     ],
     [
      -8701.593567884946,
      4720.0
     ],
     [
      -8752.965388826598,
      4600.0
     ],
     [
      -8800.0,
      4492.088486133924
     ],
     [
      -8802.50835590015,
      4480.0
     ],
     [
      -8903.231101155363,
      4360.0
     ],
     [
      -8920.0,
      4346.378711450247
     ],
     [
      -9040.0,
      4265.182365509991
     ],
     [
      -9096.64171356322,
      4240.0
     ],
     [
      -9160.0,
      4202.0976587267605
     ],
     [
      -9280.000000000002,
      4128.4917394626755
     ],
     [
      -9288.273403116396,
      4120.0
     ],
     [
      -9400.0,
      4003.9172054148626
     ],
     [
      -9404.20807328723,
      4000.0
     ],
     [
      -9459.812571793647,
      3880.0
     ],
     [
      -9515.898257366098,
      3760.0
     ],
     [
      -9520.0,
      3755.420013622911
     ],
     [
      -9629.913758330104,
      3640.0
     ],
     [
      -9640.0,
      3624.8368023057337
     ],
     [
      -9717.054425660099,
      3520.0
     ],
     [
      -9760.0,
      3428.9344108019163
     ],
     [
      -9770.60480333056,
      3400.0
     ],
     [
      -9816.59388266844,
      3280.0
     ],
     [
      -9874.231315749104,
      3160.0
     ],
     [
      -9880.0,
      3151.774068167665
     ],
     [
      -9982.727700149147,
      3040.0
     ],
     [
      -10000.0,
      3014.3702605812528
     ],
     [
      -10089.158504254376,
      2920.0
     ],
     [
      -10120.0,
      2875.3413571136953
     ],
     [
      -10240.0,
      2802.2048526909502
     ],
     [
      -10242.710051333293,
      2800.0
     ],
     [
      -10360.0,
      2708.18589528217
     ],
     [
      -10383.79668301457,
      2680.0
     ],
     [
      -10480.0,
      2576.5259640577647
     ],
     [
      -10498.552042389578,
      2560.0
     ],
     [
      -10600.0,
      2483.394700210496
     ],
     [
      -10654.112980580667,
      2440.0
     ],
     [
      -10720.0,
      2368.559943181599
     ],
     [
      -10764.066975819564,
      2320.0
     ],
     [
      -10816.670452370348,
      2200.0
     ],
     [
      -10840.0,
      2167.3011667602946
     ],
     [
      -10910.155023452804,
      2080.0
     ],
     [
      -10960.0,
      2026.3424192934717
     ],
     [
      -11038.344086559337,
      1960.0
     ],
     [
      -11080.0,
      1911.6600535700622
     ],
     [
      -11157.615672632808,
      1840.0
     ],
     [
      -11200.0,
      1797.7974134822125
     ],
     [
      -11302.280607578938,
      1720.0
     ],
     [
      -11320.0,
      1708.8646206133594
     ],
     [
      -11440.0,
      1610.0228345267283
     ],
     [
      -11445.96445905194,
      1600.0
     ],
     [
      -11502.242297276141,
      1480.0
     ],
     [
      -11560.0,
      1401.4525260762505
     ],
     [
      -11595.824756902459,
      1360.0
     ],
     [
      -11680.0,
      1289.283352432773
     ],
     [
      -11747.664368522548,
      1240.0
     ],
     [
      -11800.0,
      1180.9052083171405
     ],
     [
      -11837.138352076083,
      1120.0
     ],
     [
      -11905.144145708306,
      1000.0
     ],
     [
      -11920.0,
      985.7255704977127
     ],
     [
      -12040.0,
      903.7143216584839
     ],
     [
      -12160.0,
      886.3550377509384
     ],
     [
      -12190.102483085779,
      880.0
     ],
     [
      -12280.0,
      860.4153695513753
     ],
     [
      -12400.0,
      818.4393142405643
     ],
     [
      -12463.401377045579,
      760.0
     ],
     [
      -12473.65576210574,
      640.0
     ],
     [
      -12400.0,
      576.1812358293288
     ],
     [
      -12340.031878806722,
      520.0
     ],
     [
      -12280.0,
      470.3171749366741
     ],
     [
      -12191.392643061474,
      400.00000000000006
     ],
     [
      -12160.0,
      373.7029458122006
     ],
     [
      -12040.0,
      397.41498680045
     ],
     [
      -11920.0,
      338.39605487393135
     ],
     [
      -11844.654731026822,
      280.0
     ],
     [
      -11800.0,
      229.3468019266531
     ],
     [
      -11746.023466675388,
      160.0
     ],
     [
      -11722.481843299396,
      40.0
     ],
     [
      -11759.264479271393,
      -80.0
     ],
     [
      -11800.0,
      -136.73810984794022
     ],
     [
      -11840.47015009824,
      -200.0
     ],
     [
      -11920.0,
      -275.6716317549588
     ],
     [
      -11974.707919862693,
      -320.0
     ],
     [
      -12040.0,
      -369.927366420055
     ],
     [
      -12150.247462788075,
      -440.0
     ],
     [
      -12160.0,
      -449.7777761938252
     ],
     [
      -12280.0,
      -508.78161774501535
     ],
     [
      -12359.878745941853,
      -560.0
     ],
     [
      -12400.0,
      -629.2359849891286
     ],
     [
      -12413.24763111799,
      -680.0
     ],
     [
      -12400.0,
      -701.4474193565595
     ],
     [
      -12320.130613440091,
      -800.0
     ],
     [
      -12280.0,
      -826.2317790074995
     ],
     [
      -12166.187787094032,
      -920.0
     ],
     [
      -12160.0,
      -926.0392962081975
     ],
     [
      -12040.0,
      -1019.6213735772403
     ],
     [
      -12013.324873293695,
      -1040.0
     ],
     [
      -11920.0,
      -1090.227305113727
     ],
     [
      -11855.794873698764,
      -1160.0
     ],
     [
      -11800.0,
      -1241.294509941202
     ],
     [
      -11778.518801960738,
      -1280.0
     ],
     [
      -11733.311869974123,
      -1400.0
     ],
     [
      -11680.0,
      -1463.8576374528643
     ],
     [
      -11586.216754083385,
      -1520.0
     ],
     [
      -11560.0,
      -1529.3117126737268
     ],
     [
      -11440.0,
      -1548.73692470512
     ],
     [
      -11320.0,
      -1635.858088960371
     ],
     [
      -11317.528018271816,
      -1640.0
     ],
     [
      -11265.077363460317,
      -1760.0
     ],
     [
      -11200.0,
      -1879.913705177552
     ],
     [
      -11199.94702808042,
      -1880.0
     ],
     [
      -11100.782185653141,
      -2000.0
     ],
     [
      -11080.0,
      -2019.917450280836
     ],
     [
      -10960.0,
      -2100.18871863319
     ],
     [
      -10840.0,
      -2119.9963365922717
     ],
     [
      -10839.99409862904,
      -2120.0
     ],
     [
      -10720.0,
      -2193.447173793313
     ],
     [
      -10660.046009642352,
      -2240.0
     ],
     [
      -10600.0,
      -2310.0738946800448
     ],
     [
      -10559.253357891808,
      -2360.0
     ],
     [
      -10499.427628077783,
      -2480.0
     ],
     [
      -10480.0,
      -2504.1901985454792
     ],
     [
      -10415.159328382495,
      -2600.0
     ],
     [
      -10360.0,
      -2653.6664623719435
     ],
     [
      -10312.504667813479,
      -2720.0
     ],
     [
      -10240.0,
      -2806.0557145052703
     ],
     [
      -10208.153949805737,
      -2840.0
     ],
     [
      -10120.0,
      -2941.38054607423
     ],
     [
      -10092.832270013369,
      -2960.0
     ],
     [
      -10000.0,
      -3031.3585154163356
     ],
     [
      -9944.297939985503,
      -3080.0
     ],
     [
      -9880.0,
      -3141.6697600728717
     ],
     [
      -9836.458384855096,
      -3200.0
     ],
     [
      -9771.792990921376,
      -3320.0
     ],
     [
      -9765.143761728312,
      -3440.0
     ],
     [
      -9760.0,
      -3447.5093337622466
     ],
     [
      -9688.720824796837,
      -3560.0
     ],
     [
      -9640.0,
      -3622.855816543025
     ],
     [
      -9581.627655997218,
      -3680.0
     ],
     [
      -9520.0,
      -3773.576447889048
     ],
     [
      -9488.586106870724,
      -3800.0
     ],
     [
      -9414.759376767144,
      -3919.9999999999995
     ],
     [
      -9400.0,
      -3938.276861645975
     ],
     [
      -9292.047217151538,
      -4039.9999999999995
     ],
     [
      -9280.0,
      -4061.8535192092168
     ],
     [
      -9228.780888308123,
      -4160.0
     ],
     [
      -9160.0,
      -4274.610024518125
     ],
     [
      -9154.635231842067,
      -4280.0
     ],
     [
      -9040.0,
      -4367.301092872373
     ],
     [
      -9021.570458300863,
      -4400.0
     ],
     [
      -8944.200128031658,
      -4520.0
     ],
     [
      -8920.0,
      -4551.252420266235
     ],
     [
      -8837.758114041899,
      -4640.0
     ],
     [
      -8800.0,
      -4669.799296561803
     ],
     [
      -8680.0,
      -4753.716033693872
     ],
     [
      -8669.931166421204,
      -4760.0
     ],
     [
      -8569.468335545955,
      -4880.0
     ],
     [
      -8560.0,
      -4932.651475277718
     ],
     [
      -8540.337276998542,
      -5000.0
     ],
     [
      -8489.012962640416,
      -5120.0
     ],
     [
      -8440.0,
      -5150.481412216612
     ],
     [
      -8354.145659756245,
      -5240.0
     ],
     [
      -8320.0,
      -5277.955520825849
     ],
     [
      -8249.787973908671,
      -5360.0
     ],
     [
      -8200.0,
      -5425.249525649808
     ],
     [
      -8081.160199777948,
      -5480.0
     ],
     [
      -8080.0,
      -5480.710800742827
     ],
     [
      -7960.0,
      -5568.133873341606
     ],
     [
      -7897.018233907589,
      -5600.0
     ],
     [
      -7840.0,
      -5641.5760854680975
     ],
     [
      -7751.59706307714,
      -5600.0
     ],
     [
      -7720.0,
      -5590.242211912567
     ],
     [
      -7710.726336242637,
      -5600.0
     ],
     [
      -7674.801958272134,
      -5720.0
     ],
     [
      -7600.0,
      -5788.983939230142
     ],
     [
      -7574.112706410158,
      -5840.0
     ],
     [
      -7480.0,
      -5898.800628130775
     ],
     [
      -7360.0,
      -5958.26454123461
     ],
     [
      -7355.866804158642,
      -5960.0
     ],
     [
      -7240.0,
      -6072.429693909935
     ],
     [
      -7235.698259480708,
      -6080.0
     ],
     [
      -7199.806402421633,
      -6200.0
     ],
     [
      -7163.537169092959,
      -6320.0
     ],
     [
      -7120.0,
      -6394.024436438909
     ],
     [
      -7000.0,
      -6417.942755844531
     ],
     [
      -6968.067322239507,
      -6440.0
     ],
     [
      -6880.0,
      -6502.1516567644885
     ],
     [
      -6789.938580040209,
      -6560.0
     ],
     [
      -6760.0,
      -6577.778070888118
     ],
     [
      -6640.0,
      -6592.248747775047
     ],
     [
      -6520.0,
      -6664.654687504835
     ],
     [
      -6505.3770726459425,
      -6680.0
     ],
     [
      -6400.0,
      -6769.653730887718
     ],
     [
      -6280.174505407098,
      -6799.999999999999
     ],
     [
      -6280.0,
      -6800.030677430901
     ],
     [
      -6160.0,
      -6841.024659767618
     ],
     [
      -6076.160707980329,
      -6920.0
     ],
     [
      -6040.0,
      -6954.32999009383
     ],
     [
      -5952.8266689986,
      -7040.0
     ],
     [
      -5920.0,
      -7075.491970574689
     ],
     [
      -5800.0,
      -7157.15431117327
     ],
     [
      -5793.702489172646,
      -7160.0
     ],
     [
      -5680.0,
      -7226.919448741921
     ],
     [
      -5584.386337115916,
      -7280.0
     ],
     [
      -5560.0,
      -7293.24756762703
     ],
     [
      -5440.0,
      -7294.180212157025
     ],
     [
      -5394.062150126478,
      -7400.0
     ],
     [
      -5339.735192832894,
      -7520.0
     ],
     [
      -5320.0,
      -7546.884399782892
     ],
     [
      -5231.598616625124,
      -7640.0
     ],
     [
      -5199.999999999999,
      -7662.150005198172
     ],
     [
      -5080.0,
      -7665.64801137471
     ],
     [
      -4960.0,
      -7684.254846542433
     ],
     [
      -4869.681542392105,
      -7760.0
     ],
     [
      -4840.0,
      -7775.407171662784
     ],
     [
      -4720.0,
      -7785.13762083821
     ],
     [
      -4600.0,
      -7787.782117160808
     ],
     [
      -4480.0,
      -7784.027561729528
     ],
     [
      -4360.000000000001,
      -7763.081334405912
     ],
     [
      -4240.0,
      -7838.099868145362
     ],
     [
      -4180.273721187264,
      -7880.0
     ],
     [
      -4120.0,
      -7954.068138463579
     ],
     [
      -4085.6624160305637,
      -8000.0
     ]
    ]
   }
  },
  {
   "type": "Feature",
   "properties": {
    "nivel_dBA": 60
   },
   "geometry": {
    "type": "LineString",
    "coordinates": [
     [
      -2800.0,
      -5600.003972468818
     ],
     [
      -2680.0,
      -5607.299645676869
     ],
     [
      -2615.633958962706,
      -5600.0
     ],
     [
      -2560.0,
      -5589.87785812601
     ],
     [
      -2440.0,
      -5544.806674728321
     ],
     [
      -2320.0,
      -5527.945440101881
     ],
     [
      -2200.0,
      -5533.169351190134
     ],
     [
      -2080.0,
      -5544.495986838772
     ],
     [
      -1960.0,
      -5543.280625282688
     ],
     [
      -1840.0,
      -5527.098334296034
     ],
     [
      -1720.0,
      -5512.285366934904
     ],
     [
      -1600.0,
      -5531.7822967626735
     ],
     [
      -1480.0,
      -5562.418209792852
     ],
     [
      -1360.0,
      -5529.160639679387
     ],
     [
      -1266.1095328869555,
      -5480.0
     ],
     [
      -1240.0,
      -5459.331699346183
     ],
     [
      -1120.0,
      -5449.363392184256
     ],
     [
      -1000.0,
      -5469.014610246495
     ],
     [
      -880.0,
      -5447.491121765819
     ],
     [
      -760.0,
      -5378.894630419339
     ],
     [
      -640.0,
      -5363.726201276623
     ],
     [
      -608.6398220055023,
      -5360.0
     ],
     [
      -520.0,
      -5348.361420407495
     ],
     [
      -459.5292837375457,
      -5360.0
     ],
     [
      -400.0,
      -5370.429299160171
     ],
     [
      -356.79241594341727,
      -5360.0
     ],
     [
      -280.0,
      -5338.3962620265065
     ],
     [
      -160.0,
      -5359.104866622644
     ],
     [
      -153.52309657037856,
      -5360.0
     ],
     [
      -40.0,
      -5375.0863673306285
     ],
     [
      80.0,
      -5394.294118915937
     ],
     [
      200.0,
      -5377.486358331631
     ],
     [
      236.08379951919412,
      -5360.0
     ],
     [
      320.0,
      -5330.176751744808
     ],
     [
      440.0,
      -5328.484412776995
     ],
     [
      554.9095905890072,
      -5360.0
     ],
     [
      560.0,
      -5361.865334504732
     ],
     [
      680.0,
      -5393.523839256889
     ],
     [
      770.0659025558361,
      -5360.0
     ],
     [
      800.0,
      -5349.624166329443
     ],
     [
      920.0,
      -5346.580945313932
     ],
     [
      1007.6789857635164,
      -5360.0
     ],
     [
      1040.0,
      -5363.51500615308
     ],
     [
      1160.0000000000002,
      -5369.556213859492
     ],
     [
      1280.0,
      -5370.617325721002
     ],
     [
      1400.0,
      -5375.703332096184
     ],
     [
      1520.0,
      -5381.406285159843
     ],
     [
      1640.0,
      -5382.115150913418
     ],
     [
      1760.0,
      -5421.9657086643865
     ],
     [
      1880.0,
      -5464.477693573341
     ],
     [
      2000.0,
      -5439.038198081011
     ],
     [
      2106.6501221154012,
      -5479.999999999999
     ],
     [
      2120.0,
      -5485.182981668869
     ],
     [
      2240.0,
      -5506.991315114862
     ],
     [
      2360.0,
      -5537.053074935033
     ],
     [
      2480.0,
      -5539.068220425219
     ],
     [
      2600.0,
      -5529.67688579829
     ],
     [
      2720.0,
      -5536.93770095782
     ],
     [
      2840.0,
      -5564.107899697731
     ],
     [
      2960.0,
      -5539.8347646763295
     ],
     [
      3080.0,
      -5485.75723306912
     ],
     [
      3105.3387150958415,
      -5480.0
     ],
     [
      3200.0,
      -5464.83920219202
     ],
     [
      3242.9189700125376,
      -5480.0
     ],
     [
      3320.0,
      -5506.940473994985
     ],
     [
      3440.0,
      -5485.330445040511
     ],
     [
      3449.932604275571,
      -5480.0
     ],
     [
      3560.0,
      -5393.118401126666
     ],
     [
      3585.0610155194195,
      -5360.0
     ],
     [
      3665.6390389515345,
      -5240.0
     ],
     [
      3680.0,
      -5224.709178140067
     ],
     [
      3800.0,
      -5152.258399119032
     ],
     [
      3920.0,
      -5147.765390581365
     ],
     [
      4039.9999999999995,
      -5139.975549659313
     ],
     [
      4160.0,
      -5165.144002277814
     ],
     [
      4230.672300636939,
      -5120.0
     ],
     [
      4280.0,
      -5088.941631809383
     ],
     [
      4400.0,
      -5035.211950140027
     ],
     [
      4483.796912445097,
      -5000.0
     ],
     [
      4520.0,
      -4986.7267917073
     ],
     [
      4640.0,
      -4913.742590396284
     ],
     [
      4676.048022449383,
      -4880.0
     ],
     [
      4760.0,
      -4836.452517769325
     ],
     [
      4880.0,
      -4793.209716997458
     ],
     [
      4983.400459944898,
      -4760.0
     ],
     [
      5000.0,
      -4754.757934037272
     ],
     [
      5120.0,
      -4695.729324895719
     ],
     [
      5223.8220165741495,
      -4640.0
     ],
     [
      5240.0,
      -4622.620871436459
     ],
     [
      5360.0,
      -4537.307273438752
     ],
     [
      5384.500433171734,
      -4520.0
     ],
     [
      5480.0,
      -4415.6476684775835
     ],
     [
      5495.239739772829,
      -4400.0
     ],
     [
      5600.0,
      -4318.608875968463
     ],
     [
      5662.023100083671,
      -4280.0
     ],
     [
      5720.0,
      -4254.340700039945
     ],
     [
      5840.0,
      -4167.051672628676
     ],
     [
      5847.190163961039,
      -4160.0
     ],
     [
      5917.902693943571,
      -4040.0
     ],
     [
      5960.0,
      -3983.000569958259
     ],
     [
      6017.165437992839,
      -3920.0
     ],
     [
      6080.0,
      -3880.3848598154955
     ],
     [
      6200.0,
      -3838.102691207905
     ],
     [
      6295.997489165257,
      -3800.0
     ],
     [
      6320.0,
      -3788.685111622932
     ],
     [
      6424.042617392874,
      -3680.0
     ],
     [
      6440.0,
      -3635.959693757707
     ],
     [
      6463.766742326126,
      -3560.0
     ],
     [
      6494.0309694323005,
      -3440.0
     ],
     [
      6557.735918880659,
      -3320.0
     ],
     [
      6560.0,
      -3315.4064887909744
     ],
     [
      6680.0,
      -3208.8531335893176
     ],
     [
      6696.535634686519,
      -3200.0
     ],
     [
      6800.0,
      -3129.3164156235894
     ],
     [
      6838.477525746688,
      -3080.0
     ],
     [
      6878.3726626713305,
      -2960.0
     ],
     [
      6920.0,
      -2901.670360579158
     ],
     [
      6961.561271136713,
      -2840.0
     ],
     [
      7040.0,
      -2783.6114429783056
     ],
     [
      7128.688762459365,
      -2720.0
     ],
     [
      7160.0,
      -2692.845978481595
     ],
     [
      7276.623450544788,
      -2600.0
     ],
     [
      7280.0,
      -2596.104465418073
     ],
     [
      7399.190851088002,
      -2480.0
     ],
     [
      7400.0,
      -2479.3792941094684
     ],
     [
      7520.0,
      -2380.132895442226
     ],
     [
      7541.280794972014,
      -2360.0
     ],
     [
      7640.0,
      -2280.369887404214
     ],
     [
      7679.888316887005,
      -2240.0
     ],
     [
      7760.0,
      -2177.62957766504
     ],
     [
      7824.519103790369,
      -2120.0
     ],
     [
      7880.0,
      -2066.741081248928
     ],
     [
      7928.128414137844,
      -2000.0
     ],
     [
      7969.725780826952,
      -1880.0
     ],
     [
      7984.817056783838,
      -1760.0
     ],
     [
      8000.0,
      -1730.2189843751075
     ],
     [
      8116.004336779723,
      -1640.0
     ],
     [
      8120.0,
      -1637.9632468658608
     ],
     [
      8240.0,
      -1639.3105888187108
     ],
     [
      8360.0,
      -1576.9657118705804
     ],
     [
      8408.688277919917,
      -1520.0
     ],
     [
      8480.0,
      -1444.7364054508137
     ],
     [
      8529.409687299565,
      -1400.0
     ],
     [
      8600.0,
      -1319.8789263837575
     ],
     [
      8638.410856186965,
      -1280.0
     ],
     [
      8717.402380537187,
      -1160.0
     ],
     [
      8720.0,
      -1157.1287329676863
     ],
     [
      8809.395190834117,
      -1040.0
     ],
     [
      8840.0,
      -1007.4352259423389
     ],
     [
      8920.017065143256,
      -920.0
     ],
     [
      8960.0,
      -877.8003359952529
     ],
     [
      9064.60793691573,
      -800.0
     ],
     [
      9080.0,
      -781.852722808455
     ],
     [
      9156.06060135724,
      -680.0
     ],
     [
      9103.700651220832,
      -560.0
     ],
     [
      9080.0,
      -541.9199911196092
     ],
     [
      8960.0,
      -454.30746574622265
     ],
     [
      8935.889048380941,
      -440.0
     ],
     [
      8840.0,
      -340.63326866629353
     ],
     [
      8818.752847432861,
      -320.0
     ],
     [
      8740.746679088987,
      -200.0
     ],
     [
      8720.0,
      -165.67541017344303
     ],
     [
      8655.078219038849,
      -80.0
     ],
     [
      8616.75798984237,
      40.0
     ],
     [
      8632.098041192738,
      160.0
     ],
     [
      8720.0,
      255.9607181803916
     ],
     [
      8734.967305550777,
      280.0
     ],
     [
      8840.0,
      373.0187305269601
     ],
     [
      8870.694653718167,
      400.0
     ],
     [
      8960.0,
      470.3386476628367
     ],
     [
      9028.074938182792,
      520.0
     ],
     [
      9080.0,
      578.073250545257
     ],
     [
      9126.062575902868,
      640.0
     ],
     [
      9102.40340756374,
      760.0
     ],
     [
      9080.0,
      782.2620480814594
     ],
     [
      8993.802585483158,
      880.0000000000001
     ],
     [
      8960.0,
      924.4554666893857
     ],
     [
      8909.850600361899,
      1000.0
     ],
     [
      8848.927294345896,
      1120.0
     ],
     [
      8840.0,
      1138.8378984063706
     ],
     [
      8767.959030391965,
      1240.0
     ],
     [
      8720.0,
      1273.2895712900965
     ],
     [
      8600.597883259408,
      1360.0
     ],
     [
      8600.0,
      1360.3769543388341
     ],
     [
      8480.0,
      1424.895724490013
     ],
     [
      8412.212554046324,
      1480.0
     ],
     [
      8360.0,
      1545.7367900899721
     ],
     [
      8334.662712613579,
      1600.0
     ],
     [
      8272.291124187637,
      1720.0
     ],
     [
      8240.0,
      1770.3777483355034
     ],
     [
      8157.7658469904745,
      1840.0
     ],
     [
      8120.0,
      1875.5724930634574
     ],
     [
      8015.427631271918,
      1960.0
     ],
     [
      8000.0,
      1973.2401964964156
     ],
     [
      7899.006427781991,
      2080.0
     ],
     [
      7880.0,
      2096.6251697996468
     ],
     [
      7764.359314711904,
      2200.0
     ],
     [
      7759.999999999999,
      2203.8886914844943
     ],
     [
      7640.0,
      2306.420623275132
     ],
     [
      7616.836343349949,
      2320.0
     ],
     [
      7520.0,
      2375.7665314688147
     ],
     [
      7406.686399007079,
      2440.0
     ],
     [
      7400.0,
      2450.223248033965
     ],
     [
      7336.794105448989,
      2560.0
     ],
     [
      7320.252501094237,
      2680.0
     ],
     [
      7280.0,
      2793.6035666205166
     ],
     [
      7160.0,
      2770.130359598246
     ],
     [
      7040.0,
      2742.2892532521446
     ],
     [
      7005.394583814156,
      2800.0
     ],
     [
      6931.658372795936,
      2920.0
     ],
     [
      6920.0,
      2933.693303633768
     ],
     [
      6857.846805642783,
      3040.0
     ],
     [
      6800.0,
      3135.355042052996
     ],
     [
      6783.418246925619,
      3160.0
     ],
     [
      6720.13353333378,
      3280.0
     ],
     [
      6680.0,
      3358.9210663815875
     ],
     [
      6657.235366217765,
      3400.0
     ],
     [
      6581.784683439349,
      3520.0
     ],
     [
      6560.000000000001,
      3541.8413988461984
     ],
     [
      6440.0,
      3599.4025348998025
     ],
     [
      6320.0,
      3618.144336697118
     ],
     [
      6248.450190472512,
      3640.0
     ],
     [
      6200.0,
      3666.6990877146927
     ],
     [
      6095.821683861824,
      3760.0
     ],
     [
      6080.0,
      3866.720551736234
     ],
     [
      6077.59217281285,
      3880.0
     ],
     [
      5971.463541295135,
      4000.0000000000005
     ],
     [
      5960.0,
      4007.5274620770906
     ],
     [
      5840.0,
      4079.244274696968
     ],
     [
      5786.842768818135,
      4120.0
     ],
     [
      5720.0,
      4165.302530002263
     ],
     [
      5626.773280327885,
      4240.0
     ],
     [
      5600.0,
      4266.566703190106
     ],
     [
      5493.456260624647,
      4360.0
     ],
     [
      5480.0,
      4370.6227707353855
     ],
     [
      5365.919200882324,
      4480.0
     ],
     [
      5360.0,
      4485.251695752574
     ],
     [
      5240.0,
      4573.865783691299
     ],
     [
      5187.812435849611,
      4600.0
     ],
     [
      5120.0,
      4636.7585001468
     ],
     [
      5000.0,
      4699.9929138944335
     ],
     [
      4967.622386754451,
      4720.0
     ],
     [
      4880.0,
      4769.485325361104
     ],
     [
      4760.0,
      4829.4422132927175
     ],
     [
      4704.622901225945,
      4840.0
     ],
     [
      4640.0,
      4857.666830089462
     ],
     [
      4520.0,
      4906.574540771552
     ],
     [
      4400.0,
      4949.120722089354
     ],
     [
      4381.250758906589,
      4960.0
     ],
     [
      4280.0,
      5024.0375341649415
     ],
     [
      4218.79019619764,
      5080.0
     ],
     [
      4160.0,
      5141.987046309701
     ],
     [
      4108.701430955012,
      5200.0
     ],
     [
      4040.0,
      5265.328171139348
     ],
     [
      3921.4979810760415,
      5320.0
     ],
     [
      3920.0,
      5320.556193583658
     ],
     [
      3800.0,
      5368.839393877373
     ],
     [
      3687.8099972531527,
      5440.000000000001
     ],
     [
      3680.0,
      5444.6593741064735
     ],
     [
      3560.0,
      5494.962474989113
     ],
     [
      3440.0,
      5546.705618431791
     ],
     [
      3320.0,
      5527.353554326279
     ],
     [
      3200.0,
      5442.03775871277
     ],
     [
      3196.0286391376876,
      5440.0
     ],
     [
      3080.0,
      5413.946163172978
     ],
     [
      2960.0,
      5413.195799138832
     ],
     [
      2840.0,
      5409.9531076368075
     ],
     [
      2754.5017142605234,
      5440.0
     ],
     [
      2720.0,
      5471.559535109021
     ],
     [
      2600.0,
      5522.801619451446
     ],
     [
      2565.2362335961952,
      5560.0
     ],
     [
      2480.0,
      5589.873135682592
     ],
     [
      2360.0,
      5599.644479471245
     ],
     [
      2240.0,
      5562.524552934014
     ],
     [
      2236.9974484086542,
      5560.0
     ],
     [
      2120.0,
      5479.437631071451
     ],
     [
      2022.5907909101545,
      5440.0
     ],
     [
      2000.0,
      5433.318226069213
     ],
     [
      1880.0,
      5438.258264240176
     ],
     [
      1869.7953283672573,
      5440.0
     ],
     [
      1760.0,
      5465.154066125781
     ],
     [
      1640.0,
      5464.887691411107
     ],
     [
      1526.0602103030017,
      5440.0
     ],
     [
      1520.0,
      5438.566220844795
     ],
     [
      1400.0,
      5369.963592741358
     ],
     [
      1280.0,
      5376.130770537677
     ],
     [
      1160.0,
      5378.598069716399
     ],
     [
      1040.0,
      5383.75545006218
     ],
     [
      920.0,
      5353.832622115206
     ],
     [
      800.0,
      5341.607564778653
     ],
     [
      725.6112788028205,
      5320.0
     ],
     [
      680.0,
      5305.426383846219
     ],
     [
      637.958558543882,
      5320.0
     ],
     [
      560.0,
      5351.685744442245
     ],
     [
      440.0,
      5381.781082364573
     ],
     [
      320.0,
      5383.598116259994
     ],
     [
      200.0,
      5371.901755892114
     ],
     [
      80.0,
      5370.976144675364
     ],
     [
      -40.0,
      5379.782911412428
     ],
     [
      -160.0,
      5429.801735758766
     ],
     [
      -178.12250287302913,
      5440.0
     ],
     [
      -280.0,
      5483.753638962236
     ],
     [
      -400.0,
      5488.046624576026
     ],
     [
      -520.0,
      5441.642797420329
     ],
     [
      -523.640469599154,
      5439.999999999999
     ],
     [
      -640.0,
      5393.636939775353
     ],
     [
      -760.0,
      5352.273127463372
     ],
     [
      -861.6568199175294,
      5320.0
     ],
     [
      -880.0,
      5311.664183916781
     ],
     [
      -1000.0,
      5286.103528539225
     ],
     [
      -1120.0,
      5308.700676818066
     ],
     [
      -1134.3927609298398,
      5320.0
     ],
     [
      -1240.0,
      5402.4787459175095
     ],
     [
      -1282.4669959599328,
      5440.0
     ],
     [
      -1360.0,
      5495.212333594481
     ],
     [
      -1480.0,
      5518.292500809288
     ],
     [
      -1600.0,
      5485.4739918417345
     ],
     [
      -1720.0,
      5446.579192307995
     ],
     [
      -1840.0,
      5449.544880000473
     ],
     [
      -1960.0,
      5477.236380072836
     ],
     [
      -2080.0,
      5503.303435319958
     ],
     [
      -2200.0,
      5545.204732680212
     ],
     [
      -2235.673373945724,
      5560.0
     ],
     [
      -2320.0,
      5605.524976229404
     ],
     [
      -2440.0,
      5614.194740401985
     ],
     [
      -2520.859318632303,
      5560.0
     ],
     [
      -2560.0,
      5534.45161549997
     ],
     [
      -2680.0000000000005,
      5451.212342065466
     ],
     [
      -2763.299263649481,
      5440.0
     ],
     [
      -2800.0,
      5435.749259906428
     ],
     [
      -2820.960093175905,
      5440.0
     ],
     [
      -2920.0,
      5458.968334357321
     ],
     [
      -3040.0,
      5444.996382559361
     ],
     [
      -3123.6044456923914,
      5440.0
     ],
     [
      -3160.0,
      5438.419787353687
     ],
     [
      -3280.0,
      5437.22544720434
     ],
     [
      -3400.0,
      5408.231330379949
     ],
     [
      -3520.0,
      5378.7444302067615
     ],
     [
      -3640.0,
      5373.160140817403
     ],
     [
      -3760.0,
      5354.409760140326
     ],
     [
      -3880.0,
      5325.138848401861
     ],
     [
      -3894.210833316452,
      5320.0
     ],
     [
      -4000.0,
      5279.051087942931
     ],
     [
      -4120.0,
      5216.435827844449
     ],
     [
      -4159.301220697878,
      5200.0
     ],
     [
      -4240.0,
      5163.426242406318
     ],
     [
      -4344.672303512154,
      5080.0
     ],
     [
      -4360.0,
      5066.66204614712
     ],
     [
      -4475.730041858099,
      4960.0
     ],
     [
      -4480.0,
      4957.464341332085
     ],
     [
      -4600.0,
      4952.850648909713
     ],
     [
      -4720.0,
      4859.252242082837
     ],
     [
      -4762.24944896127,
      4840.0
     ],
     [
      -4840.0,
      4802.497124896662
     ],
     [
      -4960.0,
      4770.002565783005
     ],
     [
      -5010.116567076475,
      4720.0
     ],
     [
      -5080.0,
      4661.506521449244
     ],
     [
      -5155.446939340309,
      4600.0
     ],
     [
      -5200.0,
      4567.972444712763
     ],
     [
      -5320.0,
      4509.535357645732
     ],
     [
      -5374.595247645837,
      4480.0
     ],
     [
      -5440.0,
      4411.583103283412
     ],
     [
      -5491.053785276508,
      4360.0
     ],
     [
      -5560.0,
      4309.758988426389
     ],
     [
      -5680.0,
      4259.127181689904
     ],
     [
      -5706.141195472667,
      4240.0
     ],
     [
      -5800.0,
      4156.720880652975
     ],
     [
      -5835.866310965252,
      4120.0
     ],
     [
      -5920.0,
      4047.8830554658325
     ],
     [
      -5993.756157256736,
      4000.0
     ],
     [
      -6040.0,
      3964.928284830661
     ],
     [
      -6134.872517658412,
      3880.0
     ],
     [
      -6160.0,
      3857.014748424432
     ],
     [
      -6270.403315904906,
      3760.0
     ],
     [
      -6280.0,
      3751.9392810440895
     ],
     [
      -6379.213441900942,
      3640.0
     ],
     [
      -6400.0,
      3614.387003254403
     ],
     [
      -6464.726096694354,
      3520.0
     ],
     [
      -6520.0,
      3438.1112392230525
     ],
     [
      -6559.043594426795,
      3400.0
     ],
     [
      -6640.000000000001,
      3311.0003897285046
     ],
     [
      -6682.955466947461,
      3280.0
     ],
     [
      -6760.0,
      3217.3431957549533
     ],
     [
      -6816.871818810585,
      3160.0
     ],
     [
      -6880.0,
      3093.4711047849223
     ],
     [
      -6912.593506392152,
      3040.0
     ],
     [
      -6985.785704618327,
      2920.0
     ],
     [
      -7000.0,
      2902.851657228996
     ],
     [
      -7083.995400073258,
      2800.0
     ],
     [
      -7120.0,
      2763.5830606587415
     ],
     [
      -7216.127355424346,
      2680.0
     ],
     [
      -7240.0,
      2657.9340219491196
     ],
     [
      -7360.0,
      2564.4819370616797
     ],
     [
      -7365.7719271650685,
      2560.0000000000005
     ],
     [
      -7480.0,
      2480.661480179397
     ],
     [
      -7528.900798376346,
      2440.0
     ],
     [
      -7600.0,
      2371.596674927327
     ],
     [
      -7642.970695419817,
      2320.0
     ],
     [
      -7701.9334842390335,
      2200.0
     ],
     [
      -7720.0,
      2166.1627402299846
     ],
     [
      -7779.626855895474,
      2080.0
     ],
     [
      -7840.0,
      2031.5493916110288
     ],
     [
      -7899.970419590691,
      1960.0
     ],
     [
      -7960.0,
      1890.1557991408981
     ],
     [
      -7998.578655737976,
      1840.0
     ],
     [
      -8080.0,
      1748.6335378765739
     ],
     [
      -8109.263527304331,
      1720.0
     ],
     [
      -8200.0,
      1635.0504412051023
     ],
     [
      -8238.669470533376,
      1600.0
     ],
     [
      -8320.0,
      1533.8208318629138
     ],
     [
      -8385.725867911646,
      1480.0
     ],
     [
      -8440.0,
      1428.5492821670005
     ],
     [
      -8538.296972210452,
      1360.0
     ],
     [
      -8560.0,
      1341.729837912096
     ],
     [
      -8680.0,
      1257.6176525976698
     ],
     [
      -8698.744838608298,
      1240.0
     ],
     [
      -8800.0,
      1139.6716558814796
     ],
     [
      -8824.337085325342,
      1120.0
     ],
     [
      -8920.0,
      1044.5085583806285
     ],
     [
      -8996.287448406909,
      1000.0
     ],
     [
      -9040.0,
      963.038886713171
     ],
     [
      -9127.53533504486,
      880.0
     ],
     [
      -9160.0,
      830.3766167535225
     ],
     [
      -9213.68458091699,
      760.0
     ],
     [
      -9160.0,
      644.9707637415497
     ],
     [
      -9157.530734867702,
      640.0
     ],
     [
      -9040.0,
      530.9222851182568
     ],
     [
      -9031.669541631523,
      520.0
     ],
     [
      -8939.110840066343,
      400.00000000000006
     ],
     [
      -8920.0,
      378.75810288220896
     ],
     [
      -8826.920987202833,
      280.0
     ],
     [
      -8800.0,
      244.936888473373
     ],
     [
      -8709.003218387925,
      160.0
     ],
     [
      -8702.8821561735,
      40.0
     ],
     [
      -8719.504699735724,
      -80.0
     ],
     [
      -8747.634322578708,
      -200.0
     ],
     [
      -8800.0,
      -249.85678253050568
     ],
     [
      -8866.564923446329,
      -320.0
     ],
     [
      -8920.0,
      -365.2007153982786
     ],
     [
      -8995.092413456578,
      -440.0
     ],
     [
      -9040.0,
      -498.5841107227161
     ],
     [
      -9096.339870033047,
      -560.0
     ],
     [
      -9160.0,
      -654.1808372353834
     ],
     [
      -9178.62167854265,
      -680.0
     ],
     [
      -9160.0,
      -756.053558611847
     ],
     [
      -9146.753226845949,
      -800.0
     ],
     [
      -9040.0,
      -913.3597672471288
     ],
     [
      -9033.355986554689,
      -920.0
     ],
     [
      -8920.0,
      -1018.9665617183505
     ],
     [
      -8891.159823110123,
      -1040.0
     ],
     [
      -8800.0,
      -1112.56955710216
     ],
     [
      -8739.345724246401,
      -1160.0
     ],
     [
      -8680.0,
      -1221.6772762362214
     ],
     [
      -8623.851030478017,
      -1280.0
     ],
     [
      -8560.0,
      -1334.534541851688
     ],
     [
      -8470.164789781451,
      -1400.0
     ],
     [
      -8440.0,
      -1417.0616502939538
     ],
     [
      -8320.0,
      -1509.081001869654
     ],
     [
      -8307.918753641256,
      -1520.0
     ],
     [
      -8228.011657474382,
      -1640.0
     ],
     [
      -8200.0,
      -1673.9345582776648
     ],
     [
      -8141.34721169669,
      -1760.0
     ],
     [
      -8080.0,
      -1843.892116646419
     ],
     [
      -8049.027065805138,
      -1880.0
     ],
     [
      -7960.0,
      -1972.761156253125
     ],
     [
      -7925.732118293208,
      -2000.0
     ],
     [
      -7840.0,
      -2056.725697087331
     ],
     [
      -7748.742373894656,
      -2120.0
     ],
     [
      -7719.999999999999,
      -2147.5015900333865
     ],
     [
      -7632.602085214632,
      -2240.0
     ],
     [
      -7600.0,
      -2284.421222026386
     ],
     [
      -7533.622248823616,
      -2360.0
     ],
     [
      -7480.0,
      -2408.722250546246
     ],
     [
      -7360.0,
      -2472.2016214314267
     ],
     [
      -7343.173199664143,
      -2480.0
     ],
     [
      -7240.0,
      -2550.4705623537466
     ],
     [
      -7196.664162403785,
      -2600.0
     ],
     [
      -7126.9737233804635,
      -2720.0
     ],
     [
      -7120.0,
      -2732.5167148040277
     ],
     [
      -7032.9447054482625,
      -2840.0
     ],
     [
      -6999.999999999999,
      -2870.3774051184605
     ],
     [
      -6892.290255159048,
      -2960.0
     ],
     [
      -6880.0,
      -2972.8946973845086
     ],
     [
      -6824.763143596967,
      -3080.0
     ],
     [
      -6760.0,
      -3155.372433661932
     ],
     [
      -6728.316317683242,
      -3200.0
     ],
     [
      -6649.437461817759,
      -3320.0
     ],
     [
      -6640.0,
      -3334.6361511057466
     ],
     [
      -6583.9654725440105,
      -3440.0
     ],
     [
      -6520.0,
      -3541.9061963509985
     ],
     [
      -6502.007159150803,
      -3560.0
     ],
     [
      -6400.0,
      -3642.445599061002
     ],
     [
      -6319.7176973529995,
      -3680.0
     ],
     [
      -6280.0,
      -3709.014817981588
     ],
     [
      -6160.0,
      -3779.5442490300893
     ],
     [
      -6129.326704769466,
      -3800.0
     ],
     [
      -6040.0,
      -3880.3383921963186
     ],
     [
      -5991.61083483986,
      -3920.0
     ],
     [
      -5920.0,
      -3985.656744989734
     ],
     [
      -5853.955905988018,
      -4039.9999999999995
     ],
     [
      -5800.0,
      -4114.950322212051
     ],
     [
      -5776.6136936005,
      -4160.0
     ],
     [
      -5683.936679879862,
      -4280.0
     ],
     [
      -5680.000000000001,
      -4283.64344149405
     ],
     [
      -5560.0,
      -4336.158189341626
     ],
     [
      -5440.0,
      -4373.130818755811
     ],
     [
      -5392.406133377268,
      -4400.0
     ],
     [
      -5320.0,
      -4454.340482699898
     ],
     [
      -5251.511744950261,
      -4520.0
     ],
     [
      -5200.0,
      -4565.561672620793
     ],
     [
      -5101.069453629997,
      -4640.0
     ],
     [
      -5080.0,
      -4656.018079053472
     ],
     [
      -4960.0,
      -4742.236745224613
     ],
     [
      -4928.612768216371,
      -4760.0
     ],
     [
      -4840.0,
      -4829.919663753359
     ],
     [
      -4766.853825336995,
      -4880.0
     ],
     [
      -4720.0,
      -4929.796870866714
     ],
     [
      -4657.335903363897,
      -5000.0
     ],
     [
      -4600.0,
      -5039.97579167785
     ],
     [
      -4480.0,
      -5094.602954520282
     ],
     [
      -4420.788460330898,
      -5120.0
     ],
     [
      -4360.0,
      -5142.614911302954
     ],
     [
      -4240.0,
      -5183.503382370347
     ],
     [
      -4120.0,
      -5235.027145139627
     ],
     [
      -4077.5756655869945,
      -5240.0
     ],
     [
      -4000.0,
      -5245.775700873207
     ],
     [
      -3880.0,
      -5309.173021651002
     ],
     [
      -3760.0,
      -5354.474893651622
     ],
     [
      -3738.227770292907,
      -5360.0
     ],
     [
      -3640.0,
      -5385.891401269576
     ],
     [
      -3520.0,
      -5406.298304763215
     ],
     [
      -3400.0,
      -5450.278850671812
     ],
     [
      -3280.0,
      -5423.618010848211
     ],
     [
      -3160.0,
      -5416.390313439966
     ],
     [
      -3040.0,
      -5421.244848405962
     ],
     [
      -2956.074351726679,
      -5480.0
     ],
     [
      -2920.0,
      -5506.759880363158
     ],
     [
      -2800.007965223161,
      -5600.0
     ],
     [
      -2800.0,
      -5600.003972468818
     ]
    ]
   }
  },
  {
   "type": "Feature",
   "properties": {
    "nivel_dBA": 65
   },
   "geometry": {
    "type": "LineString",
    "coordinates": [
     [
      -2560.0,
      -3563.8608151369913
     ],
     [
      -2440.0,
      -3560.4276536302755
     ],
     [
      -2320.0,
      -3565.9341731885156
     ],
     [
      -2200.0,
      -3583.925359351421
     ],
     [
      -2080.0,
      -3572.2512925926303
     ],
     [
      -1960.0000000000002,
      -3562.417511910227
     ],
     [
      -1953.973432071767,
      -3560.0
     ],
     [
      -1840.0,
      -3524.783118459737
     ],
     [
      -1720.0,
      -3506.2164753916063
     ],
     [
      -1600.0,
      -3481.7880631600565
     ],
     [
      -1480.0000000000002,
      -3443.1345483085984
     ],
     [
      -1470.7017778629056,
      -3440.0
     ],
     [
      -1360.0,
      -3394.216286570206
     ],
     [
      -1240.0,
      -3333.686379768365
     ],
     [
      -1210.1669783182379,
      -3320.0
     ],
     [
      -1120.0,
      -3289.4507334138993
     ],
     [
      -1000.0,
      -3278.033962293144
     ],
     [
      -880.0,
      -3277.7647614131056
     ],
     [
      -760.0,
      -3274.209627487935
     ],
     [
      -640.0,
      -3283.070825594385
     ],
     [
      -520.0,
      -3299.3585254724176
     ],
     [
      -400.4141756143758,
      -3320.0
     ],
     [
      -400.0,
      -3320.082123269635
     ],
     [
      -399.1004900030405,
      -3320.0
     ],
     [
      -280.0,
      -3311.852383141212
     ],
     [
      -160.0,
      -3302.3246689525986
     ],
     [
      -40.0,
      -3284.071794159058
     ],
     [
      80.0,
      -3289.4470804804746
     ],
     [
      200.0,
      -3276.6589885529365
     ],
     [
      320.0,
      -3261.081874300915
     ],
     [
      440.0,
      -3229.385796805599
     ],
     [
      560.0,
      -3233.4960469347748
     ],
     [
      680.0,
      -3252.8045735045075
     ],
     [
      800.0,
      -3277.271597158606
     ],
     [
      920.0,
      -3302.8566408947913
     ],
     [
      1040.0,
      -3306.2399101626675
     ],
     [
      1100.63900672168,
      -3320.0
     ],
     [
      1160.0,
      -3336.2655596418226
     ],
     [
      1280.0,
      -3353.2550981402937
     ],
     [
      1400.0,
      -3358.1229062796583
     ],
     [
      1520.0,
      -3371.1866485676746
     ],
     [
      1640.0,
      -3391.6330618791153
     ],
     [
      1760.0,
      -3431.8158025356574
     ],
     [
      1775.5176920509912,
      -3440.0
     ],
     [
      1880.0,
      -3491.6281182551857
     ],
     [
      2000.0,
      -3531.821091102776
     ],
     [
      2120.0,
      -3541.316512648037
     ],
     [
      2240.0,
      -3547.5016701429404
     ],
     [
      2360.0,
      -3529.1499592414602
     ],
     [
      2480.0,
      -3551.196947442674
     ],
     [
      2557.5086228165947,
      -3560.0
     ],
     [
      2600.0,
      -3566.0393192649467
     ],
     [
      2624.194802366059,
      -3560.0
     ],
     [
      2720.0,
      -3539.692950166706
     ],
     [
      2840.0,
      -3486.346722787143
     ],
     [
      2960.0,
      -3458.2883201449845
     ],
     [
      3080.0,
      -3446.057846381618
     ],
     [
      3200.0,
      -3446.133389563264
     ],
     [
      3221.82676644092,
      -3440.0
     ],
     [
      3320.0,
      -3404.2407192476526
     ],
     [
      3440.0,
      -3377.6651579128547
     ],
     [
      3560.0000000000005,
      -3337.209592419716
     ],
     [
      3597.0364319987657,
      -3320.0
     ],
     [
      3680.0,
      -3264.411113005835
     ],
     [
      3747.3264786905656,
      -3200.0
     ],
     [
      3800.0,
      -3138.6330390566172
     ],
     [
      3885.7596999955076,
      -3080.0
     ],
     [
      3920.0,
      -3065.1687634153914
     ],
     [
      4040.0,
      -3029.916590276612
     ],
     [
      4160.0,
      -2963.5184498486988
     ],
     [
      4164.601759748288,
      -2960.0
     ],
     [
      4280.0,
      -2890.4548051840866
     ],
     [
      4400.0,
      -2842.855448036004
     ],
     [
      4409.777623389082,
      -2840.0000000000005
     ],
     [
      4520.0,
      -2790.356568463878
     ],
     [
      4602.455673884585,
      -2720.0
     ],
     [
      4640.0,
      -2658.6114664126617
     ],
     [
      4673.552973522912,
      -2600.0
     ],
     [
      4760.0,
      -2483.4348057306906
     ],
     [
      4763.7554284982425,
      -2480.0
     ],
     [
      4880.0,
      -2399.143269724442
     ],
     [
      4939.999778191068,
      -2360.0
     ],
     [
      5000.0,
      -2318.6115740237165
     ],
     [
      5103.590480341986,
      -2240.0
     ],
     [
      5120.0,
      -2226.3888243407764
     ],
     [
      5239.999999999999,
      -2121.1674631351443
     ],
     [
      5241.112038945863,
      -2120.0
     ],
     [
      5340.460249391537,
      -2000.0
     ],
     [
      5360.0,
      -1967.7624194698813
     ],
     [
      5402.221483479022,
      -1880.0
     ],
     [
      5456.061302186772,
      -1760.0
     ],
     [
      5480.0,
      -1722.9627448809924
     ],
     [
      5553.032910317301,
      -1640.0
     ],
     [
      5600.0,
      -1607.5969009604814
     ],
     [
      5718.854484321412,
      -1520.0
     ],
     [
      5720.0,
      -1519.191062118837
     ],
     [
      5840.0,
      -1419.7488863977428
     ],
     [
      5860.684191880037,
      -1400.0
     ],
     [
      5960.0,
      -1317.321525232614
     ],
     [
      6003.160880643919,
      -1280.0
     ],
     [
      6080.0,
      -1200.0671914406578
     ],
     [
      6112.988125201766,
      -1160.0
     ],
     [
      6188.641743503415,
      -1040.0
     ],
     [
      6200.0,
      -1023.3705943404004
     ],
     [
      6281.888885812583,
      -920.0
     ],
     [
      6320.0,
      -870.9946005247339
     ],
     [
      6431.130832050773,
      -800.0
     ],
     [
      6412.96545985372,
      -680.0
     ],
     [
      6356.715703897897,
      -560.0
     ],
     [
      6320.0,
      -500.05990262886024
     ],
     [
      6291.734584191493,
      -440.0
     ],
     [
      6200.0,
      -321.7176259180543
     ],
     [
      6198.76365611886,
      -320.0
     ],
     [
      6108.088021006535,
      -200.0
     ],
     [
      6080.0,
      -156.66689302999978
     ],
     [
      6002.407605299927,
      -80.0
     ],
     [
      5960.0,
      31.7415066360496
     ],
     [
      5956.182315442741,
      40.0
     ],
     [
      5960.0,
      46.06942018939297
     ],
     [
      6034.422223821604,
      160.0
     ],
     [
      6080.0,
      208.95447700531088
     ],
     [
      6138.029754537229,
      280.0
     ],
     [
      6200.0,
      335.29097356893067
     ],
     [
      6294.486298798769,
      400.0
     ],
     [
      6320.0,
      415.2527643368636
     ],
     [
      6440.0,
      489.2091406530548
     ],
     [
      6468.356909895721,
      520.0
     ],
     [
      6513.728462891915,
      640.0
     ],
     [
      6499.050828391484,
      760.0
     ],
     [
      6453.286405294902,
      880.0
     ],
     [
      6440.0,
      902.4273999909459
     ],
     [
      6347.714384874394,
      1000.0
     ],
     [
      6319.999999999999,
      1027.2362604530367
     ],
     [
      6200.0,
      1113.7875178334084
     ],
     [
      6163.666994829051,
      1120.0
     ],
     [
      6080.0,
      1137.7023733506398
     ],
     [
      5960.0,
      1186.1707093796872
     ],
     [
      5907.70120710381,
      1240.0
     ],
     [
      5840.0,
      1291.774205669505
     ],
     [
      5771.8165981425245,
      1360.0
     ],
     [
      5720.0,
      1416.5854146100728
     ],
     [
      5667.021643434466,
      1480.0
     ],
     [
      5600.0,
      1595.019427970819
     ],
     [
      5595.785126643711,
      1600.0
     ],
     [
      5518.10769384448,
      1720.0
     ],
     [
      5480.0,
      1769.5003254147746
     ],
     [
      5420.892978944901,
      1840.0
     ],
     [
      5360.0,
      1903.8860128979395
     ],
     [
      5315.211274151388,
      1960.0
     ],
     [
      5240.0,
      2043.8556206128933
     ],
     [
      5202.123395129794,
      2080.0
     ],
     [
      5120.0,
      2134.955255583819
     ],
     [
      5000.0,
      2192.3156143567926
     ],
     [
      4984.964327894643,
      2200.0
     ],
     [
      4880.0,
      2257.4783627383163
     ],
     [
      4799.17849263889,
      2320.0
     ],
     [
      4760.0,
      2359.8169845231023
     ],
     [
      4707.083902404472,
      2440.0
     ],
     [
      4640.0,
      2532.914792075509
     ],
     [
      4613.923131909775,
      2560.0
     ],
     [
      4520.0,
      2641.2595047355517
     ],
     [
      4440.149966531458,
      2680.0
     ],
     [
      4400.0,
      2706.8804079740007
     ],
     [
      4303.086835181767,
      2800.0
     ],
     [
      4280.0,
      2859.5141061268014
     ],
     [
      4256.942515088076,
      2920.0
     ],
     [
      4177.455439826754,
      3040.0
     ],
     [
      4160.0,
      3050.3723546600013
     ],
     [
      4040.0,
      3105.6004081037718
     ],
     [
      3920.0,
      3159.022961370561
     ],
     [
      3916.9846866473413,
      3160.0
     ],
     [
      3800.0,
      3203.1036813099154
     ],
     [
      3680.0,
      3236.6042560376736
     ],
     [
      3568.8684040889184,
      3280.0
     ],
     [
      3559.9999999999995,
      3283.526171608282
     ],
     [
      3440.0,
      3318.2800206357656
     ],
     [
      3320.0,
      3361.9212792771696
     ],
     [
      3240.2844349103525,
      3400.0
     ],
     [
      3200.0,
      3420.0376473094066
     ],
     [
      3080.0,
      3508.105899858639
     ],
     [
      3061.438856391565,
      3520.0
     ],
     [
      2960.0,
      3576.067446344022
     ],
     [
      2840.0,
      3578.8255577905957
     ],
     [
      2720.0,
      3556.082833439591
     ],
     [
      2600.0,
      3530.516874443818
     ],
     [
      2480.0,
      3540.6216071541276
     ],
     [
      2360.0,
      3541.000246379
     ],
     [
      2240.0,
      3526.593895306518
     ],
     [
      2125.034292604729,
      3520.0
     ],
     [
      2120.0,
      3519.703912862979
     ],
     [
      2000.0,
      3499.238865035304
     ],
     [
      1880.0,
      3474.9622250136167
     ],
     [
      1760.0,
      3422.236062180887
     ],
     [
      1725.5544195033715,
      3400.0
     ],
     [
      1640.0,
      3367.2872142934293
     ],
     [
      1520.0,
      3342.142137230255
     ],
     [
      1400.0,
      3324.276780316209
     ],
     [
      1280.0,
      3312.165318242762
     ],
     [
      1160.0,
      3313.016970791346
     ],
     [
      1040.0,
      3299.7825296447777
     ],
     [
      959.3365897952431,
      3280.0
     ],
     [
      920.0,
      3270.8908357456285
     ],
     [
      800.0,
      3252.9235926366305
     ],
     [
      680.0,
      3246.9192284629853
     ],
     [
      582.6991777838865,
      3280.0
     ],
     [
      560.0,
      3286.7279533122373
     ],
     [
      440.0,
      3330.8583816304435
     ],
     [
      320.0,
      3351.944569441672
     ],
     [
      200.0,
      3333.2369500589216
     ],
     [
      80.0,
      3347.826270541448
     ],
     [
      -39.83754016980343,
      3400.0000000000005
     ],
     [
      -40.0,
      3400.072112313528
     ],
     [
      -42.43937820650756,
      3400.0
     ],
     [
      -160.0,
      3395.1088121385737
     ],
     [
      -280.0,
      3327.1968996129835
     ],
     [
      -400.0,
      3300.4869557466945
     ],
     [
      -520.0,
      3318.565316112375
     ],
     [
      -640.0,
      3342.278786209746
     ],
     [
      -760.0,
      3349.7500477675694
     ],
     [
      -880.0,
      3336.365361734316
     ],
     [
      -1000.0,
      3330.6764206658136
     ],
     [
      -1120.0,
      3333.3832554439487
     ],
     [
      -1240.0,
      3327.9769140909557
     ],
     [
      -1360.0,
      3315.8366567309304
     ],
     [
      -1480.0,
      3319.5129811816223
     ],
     [
      -1600.0,
      3342.136022963673
     ],
     [
      -1720.0,
      3380.2704417203377
     ],
     [
      -1773.0593335743338,
      3400.0
     ],
     [
      -1840.0,
      3443.164172967744
     ],
     [
      -1960.0,
      3499.9987290512427
     ],
     [
      -2009.4634305708992,
      3520.0
     ],
     [
      -2080.0,
      3551.972622572838
     ],
     [
      -2200.0,
      3562.2352091463035
     ],
     [
      -2320.0,
      3573.403854778023
     ],
     [
      -2440.0,
      3584.7174822660577
     ],
     [
      -2560.0,
      3569.4915429802945
     ],
     [
      -2680.0,
      3563.114204210947
     ],
     [
      -2800.0,
      3543.9537714537296
     ],
     [
      -2920.0,
      3547.825280807747
     ],
     [
      -2973.0362430433092,
      3520.0
     ],
     [
      -3040.0,
      3477.3778794327563
     ],
     [
      -3151.6007562603754,
      3400.0
     ],
     [
      -3160.0,
      3395.781954340101
     ],
     [
      -3280.0,
      3356.660406380469
     ],
     [
      -3400.0,
      3330.250717016249
     ],
     [
      -3520.0,
      3319.7908316906305
     ],
     [
      -3615.770437327037,
      3280.0
     ],
     [
      -3640.0,
      3269.5517624428307
     ],
     [
      -3760.0,
      3227.7039404037605
     ],
     [
      -3880.0000000000005,
      3188.843929928248
     ],
     [
      -3988.940689180735,
      3160.0
     ],
     [
      -4000.0,
      3156.7125862447297
     ],
     [
      -4120.0,
      3083.9300643925926
     ],
     [
      -4169.261441724186,
      3040.0
     ],
     [
      -4240.0,
      2957.040643000808
     ],
     [
      -4268.306920012112,
      2920.0
     ],
     [
      -4360.0,
      2827.9146484097832
     ],
     [
      -4392.585640279884,
      2800.0
     ],
     [
      -4480.0,
      2735.3982639906726
     ],
     [
      -4550.287735543599,
      2680.0
     ],
     [
      -4600.0,
      2635.5753354760877
     ],
     [
      -4681.341396108128,
      2560.0
     ],
     [
      -4720.0,
      2526.082911282221
     ],
     [
      -4824.246356851538,
      2440.0
     ],
     [
      -4840.0,
      2429.4770181510953
     ],
     [
      -4960.0,
      2358.5877759516493
     ],
     [
      -5018.954489585023,
      2320.0
     ],
     [
      -5080.0,
      2263.483450664239
     ],
     [
      -5138.266878055629,
      2200.0
     ],
     [
      -5200.0,
      2132.695563369855
     ],
     [
      -5262.2973483092555,
      2080.0
     ],
     [
      -5320.0,
      2043.4070286655926
     ],
     [
      -5409.887306082589,
      1960.0
     ],
     [
      -5440.0,
      1919.9385701671451
     ],
     [
      -5490.575373570748,
      1840.0
     ],
     [
      -5531.956701740262,
      1720.0
     ],
     [
      -5560.0,
      1660.4169062531296
     ],
     [
      -5595.190242119148,
      1600.0
     ],
     [
      -5680.0,
      1513.7891757233042
     ],
     [
      -5708.340691237209,
      1480.0
     ],
     [
      -5800.0,
      1376.1598667627677
     ],
     [
      -5814.4921869876725,
      1360.0
     ],
     [
      -5920.000000000001,
      1244.0612290042131
     ],
     [
      -5925.027919052396,
      1240.0
     ],
     [
      -6040.0,
      1148.6517271496473
     ],
     [
      -6072.079602238607,
      1120.0
     ],
     [
      -6160.0,
      1042.100955502427
     ],
     [
      -6191.743163170953,
      1000.0
     ],
     [
      -6265.379756546767,
      880.0
     ],
     [
      -6280.0,
      845.8244867244748
     ],
     [
      -6330.231088327433,
      760.0
     ],
     [
      -6351.187986581612,
      640.0
     ],
     [
      -6319.491929088602,
      520.0
     ],
     [
      -6280.0,
      476.8320165737627
     ],
     [
      -6199.289204940327,
      400.0
     ],
     [
      -6160.0,
      372.0130762238383
     ],
     [
      -6040.0,
      292.87763605333714
     ],
     [
      -6027.441593537699,
      280.0
     ],
     [
      -5961.465647584818,
      160.0
     ],
     [
      -5920.0,
      50.79932889232506
     ],
     [
      -5916.943876119603,
      40.0
     ],
     [
      -5920.0,
      26.594082470885237
     ],
     [
      -5951.006792950793,
      -80.0
     ],
     [
      -5987.717437720876,
      -200.0
     ],
     [
      -6040.0,
      -285.3436655155579
     ],
     [
      -6063.604896433993,
      -320.0
     ],
     [
      -6160.0,
      -388.88487375196087
     ],
     [
      -6213.710014585171,
      -440.0
     ],
     [
      -6280.0,
      -495.73482342590887
     ],
     [
      -6372.208560519884,
      -560.0
     ],
     [
      -6400.0,
      -596.5883968722871
     ],
     [
      -6494.813424873292,
      -680.0
     ],
     [
      -6407.744119433902,
      -800.0
     ],
     [
      -6400.0,
      -807.1918535433142
     ],
     [
      -6329.108000039836,
      -920.0
     ],
     [
      -6280.0,
      -974.636022738253
     ],
     [
      -6233.718559351485,
      -1040.0
     ],
     [
      -6160.0,
      -1105.0495412422388
     ],
     [
      -6106.909364931047,
      -1160.0
     ],
     [
      -6040.0,
      -1222.3981100700885
     ],
     [
      -5960.766228588905,
      -1280.0
     ],
     [
      -5920.0,
      -1322.2746584845247
     ],
     [
      -5851.925362733447,
      -1400.0
     ],
     [
      -5800.0,
      -1513.0689484884385
     ],
     [
      -5796.582273921593,
      -1520.0
     ],
     [
      -5692.240889285277,
      -1640.0
     ],
     [
      -5680.0,
      -1654.1843348199525
     ],
     [
      -5560.0,
      -1710.3416597943442
     ],
     [
      -5493.053979050208,
      -1760.0
     ],
     [
      -5440.0,
      -1798.7537726772082
     ],
     [
      -5374.231832675816,
      -1880.0
     ],
     [
      -5320.0,
      -1936.56038825504
     ],
     [
      -5269.555323295261,
      -2000.0
     ],
     [
      -5200.0,
      -2105.5102503100225
     ],
     [
      -5189.640988897585,
      -2120.0
     ],
     [
      -5080.0,
      -2229.745762152743
     ],
     [
      -5069.103673326365,
      -2240.0
     ],
     [
      -4960.0,
      -2340.8810524549094
     ],
     [
      -4938.487792125012,
      -2360.0
     ],
     [
      -4840.0,
      -2438.589108579159
     ],
     [
      -4772.027626764941,
      -2480.0
     ],
     [
      -4720.0,
      -2513.506605638154
     ],
     [
      -4609.600992588787,
      -2600.0
     ],
     [
      -4600.0,
      -2611.264481370149
     ],
     [
      -4521.100952092129,
      -2720.0
     ],
     [
      -4480.0,
      -2771.4675844431868
     ],
     [
      -4419.431288481011,
      -2840.0
     ],
     [
      -4360.0,
      -2890.061561686982
     ],
     [
      -4240.0,
      -2952.0440996788734
     ],
     [
      -4209.967597651757,
      -2960.0
     ],
     [
      -4120.0,
      -2985.3533978660253
     ],
     [
      -4000.0,
      -3031.131036530016
     ],
     [
      -3939.300126549204,
      -3080.0
     ],
     [
      -3880.0,
      -3137.1994802608215
     ],
     [
      -3811.098508481283,
      -3200.0
     ],
     [
      -3760.0,
      -3235.3262241072403
     ],
     [
      -3640.0,
      -3292.709685213
     ],
     [
      -3549.807734068205,
      -3320.0
     ],
     [
      -3520.0,
      -3327.8550546171764
     ],
     [
      -3400.0,
      -3355.9758244703944
     ],
     [
      -3280.0,
      -3393.9125913659705
     ],
     [
      -3196.1252703526316,
      -3440.0
     ],
     [
      -3159.9999999999995,
      -3460.702109059725
     ],
     [
      -3040.0,
      -3451.338757790164
     ],
     [
      -2920.0,
      -3462.810413442193
     ],
     [
      -2800.0,
      -3493.2010408166125
     ],
     [
      -2680.0,
      -3539.696659009641
     ],
     [
      -2580.4094357046524,
      -3560.0
     ],
     [
      -2560.0,
      -3563.8608151369913
     ]
    ]
   }
  },
  {
   "type": "Feature",
   "properties": {
    "nivel_dBA": 70
   },
   "geometry": {
    "type": "LineString",
    "coordinates": [
     [
      -2080.0,
      -2252.7270154612247
     ],
     [
      -1960.0000000000002,
      -2254.868880336804
     ],
     [
      -1911.0369775763634,
      -2240.0
     ],
     [
      -1840.0,
      -2219.5496197372076
     ],
     [
      -1720.0,
      -2157.510376506815
     ],
     [
      -1642.9755520972572,
      -2120.0
     ],
     [
      -1600.0,
      -2101.034548493092
     ],
     [
      -1480.0,
      -2068.7464555102897
     ],
     [
      -1360.0,
      -2046.7877147809336
     ],
     [
      -1240.0,
      -2017.9768672353573
     ],
     [
      -1172.0267104897152,
      -2000.0
     ],
     [
      -1120.0,
      -1986.7759430499725
     ],
     [
      -1000.0,
      -1956.2257058525379
     ],
     [
      -880.0,
      -1945.41899400501
     ],
     [
      -760.0,
      -1971.8011865483277
     ],
     [
      -640.0,
      -1984.8508415481629
     ],
     [
      -520.0,
      -1960.5650355793211
     ],
     [
      -400.0,
      -1936.199170416066
     ],
     [
      -280.0,
      -1923.1547918007886
     ],
     [
      -160.0,
      -1913.3000501458407
     ],
     [
      -40.0,
      -1909.4278663634627
     ],
     [
      80.0,
      -1918.0932489286056
     ],
     [
      200.0,
      -1934.4599399757383
     ],
     [
      320.0,
      -1950.1477750797287
     ],
     [
      440.0,
      -1972.9377625805203
     ],
     [
      560.0,
      -1992.758952646222
     ],
     [
      680.0,
      -1991.933651733997
     ],
     [
      800.0,
      -1993.523758779609
     ],
     [
      920.0,
      -1981.3754520507655
     ],
     [
      1040.0,
      -1994.7705682718458
     ],
     [
      1102.6044477888368,
      -2000.0
     ],
     [
      1160.0,
      -2004.3509814248912
     ],
     [
      1280.0,
      -2014.4674086201105
     ],
     [
      1400.0,
      -2023.6095906403857
     ],
     [
      1520.0,
      -2056.248511039147
     ],
     [
      1640.0,
      -2089.42314179796
     ],
     [
      1760.0,
      -2101.449815839983
     ],
     [
      1843.1982257900372,
      -2120.0
     ],
     [
      1880.0,
      -2129.6028517254294
     ],
     [
      1999.9999999999998,
      -2168.879725087126
     ],
     [
      2120.0,
      -2209.3873090921356
     ],
     [
      2240.0,
      -2207.479457705153
     ],
     [
      2360.0,
      -2204.63312806561
     ],
     [
      2480.0,
      -2183.459767999591
     ],
     [
      2600.0,
      -2170.895961980418
     ],
     [
      2720.0,
      -2151.4481280545842
     ],
     [
      2802.794982100889,
      -2120.0
     ],
     [
      2840.0,
      -2106.032236107435
     ],
     [
      2960.0,
      -2061.9135330906265
     ],
     [
      3080.0000000000005,
      -2024.273541496108
     ],
     [
      3130.3025587293205,
      -2000.0
     ],
     [
      3200.0,
      -1968.7723691390026
     ],
     [
      3320.0,
      -1887.5876737323672
     ],
     [
      3330.11025829677,
      -1880.0000000000002
     ],
     [
      3440.0,
      -1800.1954669462862
     ],
     [
      3480.7003659619922,
      -1760.0
     ],
     [
      3560.0,
      -1676.7933298398405
     ],
     [
      3595.4564350336605,
      -1640.0
     ],
     [
      3680.0,
      -1558.9948391150522
     ],
     [
      3728.932648937215,
      -1520.0
     ],
     [
      3800.0,
      -1457.752017448027
     ],
     [
      3855.5770772653213,
      -1400.0
     ],
     [
      3920.0,
      -1316.3273376169004
     ],
     [
      3946.6368799733386,
      -1280.0
     ],
     [
      4039.9999999999995,
      -1164.39768288988
     ],
     [
      4043.7970393948594,
      -1160.0
     ],
     [
      4160.0,
      -1052.7684122466248
     ],
     [
      4174.086148900029,
      -1040.0
     ],
     [
      4280.0,
      -938.1730822581575
     ],
     [
      4299.308092370815,
      -920.0000000000001
     ],
     [
      4376.832929641423,
      -800.0
     ],
     [
      4367.392267925554,
      -680.0
     ],
     [
      4283.432359052362,
      -560.0
     ],
     [
      4279.999999999999,
      -556.9409770210267
     ],
     [
      4195.4960558232415,
      -440.0
     ],
     [
      4160.0,
      -395.987483354597
     ],
     [
      4118.034247520653,
      -320.0
     ],
     [
      4057.134661044083,
      -200.0
     ],
     [
      4040.0,
      -154.76040876431492
     ],
     [
      4014.8076195380754,
      -80.0
     ],
     [
      3986.538375678807,
      40.0
     ],
     [
      4009.7407245875074,
      160.0
     ],
     [
      4040.0,
      217.51689985154428
     ],
     [
      4077.318513564996,
      280.0
     ],
     [
      4148.56552158999,
      400.0
     ],
     [
      4160.0,
      421.58058600716066
     ],
     [
      4221.943092378713,
      520.0
     ],
     [
      4280.0,
      603.8196846237602
     ],
     [
      4315.823228982222,
      640.0
     ],
     [
      4343.664601732051,
      760.0
     ],
     [
      4303.922947699016,
      880.0
     ],
     [
      4280.0,
      914.1798750869825
     ],
     [
      4217.440788680851,
      1000.0
     ],
     [
      4160.0,
      1069.9378408001667
     ],
     [
      4106.352928324963,
      1120.0
     ],
     [
      4040.0,
      1184.5923039972022
     ],
     [
      3975.530820823762,
      1240.0
     ],
     [
      3920.0,
      1297.7976989751219
     ],
     [
      3867.9271454357176,
      1360.0
     ],
     [
      3800.0,
      1423.5743637033083
     ],
     [
      3746.7007613757523,
      1480.0
     ],
     [
      3680.0,
      1533.8516624182478
     ],
     [
      3610.3623988967843,
      1600.0
     ],
     [
      3560.0,
      1645.9590503785662
     ],
     [
      3475.9671666549557,
      1720.0
     ],
     [
      3440.0,
      1756.9788370380206
     ],
     [
      3347.1330906375174,
      1840.0
     ],
     [
      3319.9999999999995,
      1864.2800553454724
     ],
     [
      3200.0,
      1958.5942030652668
     ],
     [
      3198.2031491448597,
      1960.0
     ],
     [
      3080.0,
      2018.2550179060636
     ],
     [
      2960.0,
      2076.879680079392
     ],
     [
      2946.0360195938774,
      2080.0
     ],
     [
      2839.9999999999995,
      2107.5201959640044
     ],
     [
      2720.0,
      2140.1747308488193
     ],
     [
      2600.0,
      2164.774790674265
     ],
     [
      2480.0,
      2180.036051619422
     ],
     [
      2360.0,
      2181.390251122823
     ],
     [
      2240.0,
      2181.547964914768
     ],
     [
      2120.0,
      2167.5641291724555
     ],
     [
      2000.0,
      2146.4735000080223
     ],
     [
      1880.0,
      2137.6157580411223
     ],
     [
      1760.0,
      2120.9418411816005
     ],
     [
      1640.0,
      2101.5354725874877
     ],
     [
      1520.0,
      2089.378374822638
     ],
     [
      1400.0,
      2094.3522828362784
     ],
     [
      1317.8847171330033,
      2080.0
     ],
     [
      1280.0,
      2072.1752562665197
     ],
     [
      1160.0,
      2023.9858559813747
     ],
     [
      1040.0,
      1978.5514421963564
     ],
     [
      920.0000000000001,
      1976.3217008709457
     ],
     [
      800.0,
      1988.476687711948
     ],
     [
      680.0,
      1990.4755921810454
     ],
     [
      560.0,
      1961.5476295627861
     ],
     [
      557.263351093532,
      1960.0
     ],
     [
      440.0,
      1905.8700022191308
     ],
     [
      320.0,
      1872.8810919043276
     ],
     [
      200.0,
      1866.9633049589397
     ],
     [
      80.0,
      1851.0883043472015
     ],
     [
      -40.0,
      1858.5716011970017
     ],
     [
      -160.0,
      1862.6122730838931
     ],
     [
      -280.0,
      1877.5814052831438
     ],
     [
      -400.0,
      1906.867728892367
     ],
     [
      -520.0,
      1919.8310312068702
     ],
     [
      -640.0,
      1930.4009041056947
     ],
     [
      -760.0,
      1948.098485602834
     ],
     [
      -811.634127155328,
      1960.0
     ],
     [
      -880.0000000000001,
      1976.927068501887
     ],
     [
      -1000.0000000000001,
      2005.5157557741868
     ],
     [
      -1120.0,
      2028.9256837082662
     ],
     [
      -1240.0,
      2048.6801283559435
     ],
     [
      -1360.0,
      2069.533569416967
     ],
     [
      -1415.1299592977857,
      2080.0
     ],
     [
      -1480.0,
      2090.3088905561335
     ],
     [
      -1600.0,
      2119.2534881434635
     ],
     [
      -1720.0,
      2150.916770832253
     ],
     [
      -1840.0,
      2185.0491657307425
     ],
     [
      -1960.0,
      2180.9569825116705
     ],
     [
      -2080.0,
      2194.107646504178
     ],
     [
      -2112.3190170069947,
      2200.0
     ],
     [
      -2200.0,
      2215.8177874261673
     ],
     [
      -2320.0,
      2227.209811118872
     ],
     [
      -2440.0,
      2212.8161157799755
     ],
     [
      -2560.0,
      2202.6276099185125
     ],
     [
      -2580.0820842839717,
      2200.0
     ],
     [
      -2680.0,
      2183.5144272622047
     ],
     [
      -2800.0,
      2128.2146694630537
     ],
     [
      -2850.277703935377,
      2080.0
     ],
     [
      -2920.0,
      2037.0803282920692
     ],
     [
      -3040.0,
      1977.75811385948
     ],
     [
      -3072.9885316986993,
      1960.0
     ],
     [
      -3160.0,
      1909.179138513267
     ],
     [
      -3246.2133778045336,
      1840.0
     ],
     [
      -3280.0,
      1813.5688084565254
     ],
     [
      -3400.0,
      1747.3688658495616
     ],
     [
      -3450.949878709571,
      1720.0
     ],
     [
      -3520.0,
      1687.754621128919
     ],
     [
      -3640.0,
      1625.8954480425746
     ],
     [
      -3698.9095068880124,
      1600.0
     ],
     [
      -3760.0,
      1572.1482421670653
     ],
     [
      -3880.0,
      1500.454442003071
     ],
     [
      -3903.2178840761144,
      1480.0
     ],
     [
      -3985.1549459448997,
      1360.0
     ],
     [
      -4000.0,
      1327.438324037881
     ],
     [
      -4036.354370476175,
      1240.0
     ],
     [
      -4100.928797163654,
      1120.0
     ],
     [
      -4120.0,
      1101.65783485688
     ],
     [
      -4219.137110647139,
      1000.0
     ],
     [
      -4240.0,
      977.1688229478036
     ],
     [
      -4313.277226400947,
      880.0
     ],
     [
      -4349.873842940071,
      760.0
     ],
     [
      -4360.0,
      689.9855851929848
     ],
     [
      -4368.830813795721,
      640.0
     ],
     [
      -4360.0,
      624.1252297172816
     ],
     [
      -4309.546279533989,
      520.0
     ],
     [
      -4240.0,
      422.1543014572854
     ],
     [
      -4224.628214626004,
      400.0
     ],
     [
      -4161.832556334816,
      280.0
     ],
     [
      -4120.0,
      214.6894507207375
     ],
     [
      -4082.4684007929227,
      160.0
     ],
     [
      -4007.042955894123,
      40.00000000000001
     ],
     [
      -4000.8723896291463,
      -80.0
     ],
     [
      -4061.169588568154,
      -200.0
     ],
     [
      -4120.0,
      -274.0066801413261
     ],
     [
      -4160.188346846399,
      -320.0
     ],
     [
      -4240.0,
      -418.27482379503243
     ],
     [
      -4253.578307811065,
      -440.0
     ],
     [
      -4308.980533844278,
      -560.0
     ],
     [
      -4359.103522656946,
      -680.0
     ],
     [
      -4345.509710591859,
      -800.0
     ],
     [
      -4293.455448110588,
      -920.0
     ],
     [
      -4240.0,
      -1016.0823751716442
     ],
     [
      -4226.792690272229,
      -1040.0
     ],
     [
      -4120.0,
      -1159.9141440503845
     ],
     [
      -4119.934768203043,
      -1160.0
     ],
     [
      -4000.0,
      -1275.560618382173
     ],
     [
      -3996.3202956461564,
      -1280.0
     ],
     [
      -3913.2272464329844,
      -1400.0
     ],
     [
      -3880.0,
      -1437.447717479158
     ],
     [
      -3822.0160098112783,
      -1520.0
     ],
     [
      -3760.0,
      -1573.2978264363355
     ],
     [
      -3670.159506358489,
      -1640.0
     ],
     [
      -3640.0,
      -1657.603024540671
     ],
     [
      -3520.0,
      -1715.2675991992628
     ],
     [
      -3455.2715522666795,
      -1760.0
     ],
     [
      -3400.0,
      -1801.0802160612468
     ],
     [
      -3310.4794623688163,
      -1880.0
     ],
     [
      -3280.0,
      -1908.4773163202103
     ],
     [
      -3168.1160620163582,
      -2000.0
     ],
     [
      -3160.0,
      -2007.4758475797266
     ],
     [
      -3040.0,
      -2090.385745222453
     ],
     [
      -2984.6708507630524,
      -2120.0
     ],
     [
      -2920.0,
      -2148.965184935133
     ],
     [
      -2800.0,
      -2164.4246574849867
     ],
     [
      -2680.0,
      -2182.0332323824996
     ],
     [
      -2560.0,
      -2194.5258567160367
     ],
     [
      -2440.0,
      -2197.2276044211853
     ],
     [
      -2320.0,
      -2204.501619431312
     ],
     [
      -2200.0,
      -2218.7855862537845
     ],
     [
      -2129.070768356819,
      -2240.0
     ],
     [
      -2080.0,
      -2252.7270154612247
     ]
    ]
   }
  },
  {
   "type": "Feature",
   "properties": {
    "nivel_dBA": 75
   },
   "geometry": {
    "type": "LineString",
    "coordinates": [
     [
      1999.9999999999998,
      -1410.2129430082455
     ],
     [
      2120.0,
      -1403.403004249876
     ],
     [
      2131.89520903176,
      -1400.0
     ],
     [
      2240.0,
      -1367.5708830649432
     ],
     [
      2360.0,
      -1333.409658677479
     ],
     [
      2480.0000000000005,
      -1300.46891313926
     ],
     [
      2522.7403780136246,
      -1280.0
     ],
     [
      2600.0,
      -1238.2017308066997
     ],
     [
      2681.6773760802807,
      -1160.0
     ],
     [
      2720.0,
      -1112.2291897175292
     ],
     [
      2775.7034489325774,
      -1040.0
     ],
     [
      2840.0,
      -938.7240006353403
     ],
     [
      2854.3691974029116,
      -920.0
     ],
     [
      2905.21395788137,
      -800.0
     ],
     [
      2927.095518583925,
      -680.0
     ],
     [
      2907.417310156239,
      -560.0
     ],
     [
      2848.1394233951905,
      -440.0
     ],
     [
      2840.0000000000005,
      -430.1483827366876
     ],
     [
      2742.2857153954665,
      -320.0
     ],
     [
      2720.0,
      -296.1835523860063
     ],
     [
      2600.0,
      -202.58925688814307
     ],
     [
      2596.2155184878015,
      -200.0
     ],
     [
      2480.0,
      -90.92661655780383
     ],
     [
      2468.0807147750866,
      -80.0
     ],
     [
      2480.0,
      10.291627303023251
     ],
     [
      2483.6816434989296,
      40.0
     ],
     [
      2595.7161211581874,
      160.0
     ],
     [
      2600.0,
      163.9649483987422
     ],
     [
      2713.082571313576,
      280.0
     ],
     [
      2720.0,
      288.30649350752907
     ],
     [
      2807.1255438189773,
      400.0
     ],
     [
      2840.0,
      458.20426587724944
     ],
     [
      2876.128201212725,
      520.0
     ],
     [
      2916.526671305756,
      640.0
     ],
     [
      2914.683216119932,
      760.0
     ],
     [
      2869.620352410607,
      879.9999999999999
     ],
     [
      2840.0,
      929.0832634962164
     ],
     [
      2798.7019071348136,
      1000.0
     ],
     [
      2720.0,
      1087.2689999792055
     ],
     [
      2687.2619999218205,
      1120.0
     ],
     [
      2600.0,
      1198.630798370155
     ],
     [
      2555.1143477081264,
      1240.0
     ],
     [
      2480.0,
      1303.175992841775
     ],
     [
      2360.0,
      1356.1080766299522
     ],
     [
      2342.200451705808,
      1360.0
     ],
     [
      2240.0,
      1379.5066533470876
     ],
     [
      2120.0,
      1390.3810167361178
     ],
     [
      2000.0,
      1388.4898145494553
     ],
     [
      1880.0,
      1388.6996593335357
     ],
     [
      1774.5962045770073,
      1360.0
     ],
     [
      1760.0,
      1356.7009440348527
     ],
     [
      1640.0,
      1344.855772317787
     ],
     [
      1520.0,
      1326.0773983690995
     ],
     [
      1400.0,
      1307.440077294397
     ],
     [
      1280.0,
      1284.672141892577
     ],
     [
      1160.0,
      1272.5246411884636
     ],
     [
      1040.0,
      1262.9350822993047
     ],
     [
      920.0,
      1256.0474113930964
     ],
     [
      800.0000000000001,
      1254.2408917294272
     ],
     [
      680.0,
      1250.073336443328
     ],
     [
      567.0757211180472,
      1240.0
     ],
     [
      560.0,
      1239.4710985246043
     ],
     [
      440.0,
      1224.7390546305364
     ],
     [
      320.0,
      1218.229528356569
     ],
     [
      200.0,
      1213.9060882394147
     ],
     [
      80.0,
      1211.883545510574
     ],
     [
      -40.0,
      1218.5994575585778
     ],
     [
      -160.0,
      1222.61265955406
     ],
     [
      -280.0,
      1222.640078267734
     ],
     [
      -400.0,
      1223.2854929131836
     ],
     [
      -520.0,
      1225.8678956657463
     ],
     [
      -640.0,
      1223.937760559322
     ],
     [
      -760.0,
      1237.564993770646
     ],
     [
      -779.4151518445,
      1240.0
     ],
     [
      -880.0,
      1254.746004798327
     ],
     [
      -1000.0,
      1268.70537812474
     ],
     [
      -1120.0,
      1267.5636385832452
     ],
     [
      -1240.0,
      1277.2919305455587
     ],
     [
      -1360.0,
      1298.7843031580796
     ],
     [
      -1480.0,
      1316.469620557788
     ],
     [
      -1600.0,
      1322.4850446600576
     ],
     [
      -1720.0,
      1328.4361335632539
     ],
     [
      -1840.0,
      1352.029504603468
     ],
     [
      -1873.8498256511314,
      1360.0
     ],
     [
      -1960.0,
      1386.3771987951404
     ],
     [
      -2080.0,
      1407.3165812554744
     ],
     [
      -2200.0,
      1395.6683269097114
     ],
     [
      -2320.0,
      1360.837273096519
     ],
     [
      -2322.380706280041,
      1360.0
     ],
     [
      -2440.0,
      1312.460303729711
     ],
     [
      -2543.471550102565,
      1240.0
     ],
     [
      -2560.0,
      1226.8673887627772
     ],
     [
      -2680.0,
      1124.1713872140283
     ],
     [
      -2684.8530347515966,
      1120.0
     ],
     [
      -2800.0,
      1004.9386394241461
     ],
     [
      -2805.02815863018,
      999.9999999999999
     ],
     [
      -2884.2421593223753,
      880.0
     ],
     [
      -2920.0,
      804.0147627429445
     ],
     [
      -2940.2665008548283,
      760.0
     ],
     [
      -2938.032356948813,
      640.0
     ],
     [
      -2920.0,
      572.976332373783
     ],
     [
      -2909.6815300525086,
      520.0
     ],
     [
      -2840.1789318130604,
      400.0
     ],
     [
      -2800.0,
      353.1136105969922
     ],
     [
      -2727.9006190407645,
      280.0
     ],
     [
      -2680.0,
      242.74958403317714
     ],
     [
      -2560.0,
      171.07570400754182
     ],
     [
      -2540.679947274656,
      160.0
     ],
     [
      -2440.0,
      64.1818212372558
     ],
     [
      -2414.305188252413,
      40.0
     ],
     [
      -2440.0,
      -53.549893497405165
     ],
     [
      -2447.161476748057,
      -79.99999999999999
     ],
     [
      -2560.0,
      -174.44908337478125
     ],
     [
      -2590.2869363787313,
      -200.0
     ],
     [
      -2680.0,
      -268.7009540976549
     ],
     [
      -2746.110994672267,
      -320.0
     ],
     [
      -2800.0,
      -383.95950867490114
     ],
     [
      -2843.80474711279,
      -440.0
     ],
     [
      -2896.5762259547746,
      -560.0
     ],
     [
      -2920.0,
      -618.5315889720748
     ],
     [
      -2947.319127589341,
      -680.0
     ],
     [
      -2975.775756445046,
      -800.0
     ],
     [
      -2937.244021223134,
      -920.0
     ],
     [
      -2920.0,
      -941.4276732386857
     ],
     [
      -2838.6907929180115,
      -1040.0
     ],
     [
      -2800.0,
      -1071.8187799003806
     ],
     [
      -2686.9145174980163,
      -1160.0
     ],
     [
      -2680.0,
      -1164.4103022208794
     ],
     [
      -2560.0,
      -1231.8279693364032
     ],
     [
      -2443.293784606084,
      -1279.9999999999998
     ],
     [
      -2440.0,
      -1281.3119081128211
     ],
     [
      -2320.0,
      -1326.9346895487943
     ],
     [
      -2200.0,
      -1365.7239456362245
     ],
     [
      -2080.0,
      -1389.8333249405102
     ],
     [
      -1960.0,
      -1380.617369400547
     ],
     [
      -1840.0,
      -1371.7192275634447
     ],
     [
      -1720.0,
      -1347.1976167030512
     ],
     [
      -1600.0,
      -1327.3596863430403
     ],
     [
      -1480.0,
      -1315.6481950453824
     ],
     [
      -1360.0,
      -1295.606176679701
     ],
     [
      -1275.4132808814084,
      -1280.0
     ],
     [
      -1240.0,
      -1274.1357874208277
     ],
     [
      -1120.0,
      -1267.0875486733842
     ],
     [
      -1000.0,
      -1257.269344246179
     ],
     [
      -880.0,
      -1245.8238186724775
     ],
     [
      -760.0,
      -1239.7421912147001
     ],
     [
      -640.0,
      -1236.8765906375017
     ],
     [
      -520.0,
      -1225.8522887853885
     ],
     [
      -400.0,
      -1213.0672485028558
     ],
     [
      -280.0,
      -1202.9255819853238
     ],
     [
      -160.0,
      -1200.2633105318137
     ],
     [
      -40.0,
      -1204.006385965615
     ],
     [
      80.0,
      -1216.8190322421146
     ],
     [
      200.0,
      -1218.2951287812377
     ],
     [
      320.0,
      -1215.6590573493447
     ],
     [
      440.0,
      -1211.7906988864893
     ],
     [
      560.0,
      -1212.9472115476024
     ],
     [
      680.0,
      -1215.235823523497
     ],
     [
      800.0,
      -1222.4387461485665
     ],
     [
      920.0,
      -1240.9896161388772
     ],
     [
      1040.0,
      -1257.879061440924
     ],
     [
      1160.0,
      -1272.9163273016477
     ],
     [
      1280.0,
      -1278.9072742911537
     ],
     [
      1294.7530580030698,
      -1280.0
     ],
     [
      1399.9999999999998,
      -1289.729358210942
     ],
     [
      1519.9999999999998,
      -1313.8805641232025
     ],
     [
      1640.0,
      -1342.2942710684586
     ],
     [
      1760.0,
      -1370.2733616166538
     ],
     [
      1880.0,
      -1398.8853725542883
     ],
     [
      1892.7796684759608,
      -1400.0
     ],
     [
      1999.9999999999998,
      -1410.2129430082455
     ]
    ]
   }
  },
  {
   "type": "Feature",
   "properties": {
    "nivel_dBA": 75
   },
   "geometry": {
    "type": "LineString",
    "coordinates": [
     [
      -1120.0,
      -99.34477483017038
     ],
     [
      -1210.7148264265397,
      -80.0
     ],
     [
      -1240.0,
      -29.838932300223227
     ],
     [
      -1357.1328631683227,
      40.0
     ],
     [
      -1240.0,
      51.142474490807295
     ],
     [
      -1120.0,
      86.95677492561964
     ],
     [
      -1000.0,
      121.7008443107695
     ],
     [
      -880.0,
      118.24133082871717
     ],
     [
      -760.0000000000001,
      122.19271102086205
     ],
     [
      -640.0,
      150.67233563273976
     ],
     [
      -603.4367139614725,
      160.0
     ],
     [
      -520.0,
      171.4406785685131
     ],
     [
      -400.0,
      178.95835726207196
     ],
     [
      -280.0,
      179.46072344989062
     ],
     [
      -160.0,
      179.20962339167275
     ],
     [
      -40.0,
      169.11448714554822
     ],
     [
      56.80426644253206,
      160.0
     ],
     [
      80.00000000000001,
      154.8150931971894
     ],
     [
      200.0,
      132.62053964118275
     ],
     [
      320.0,
      143.00290940529513
     ],
     [
      424.2741792664429,
      160.0
     ],
     [
      440.0,
      161.3221439070415
     ],
     [
      560.0,
      178.3123498767875
     ],
     [
      680.0,
      180.150749520384
     ],
     [
      800.0,
      176.74033692891845
     ],
     [
      895.0138528212626,
      160.0
     ],
     [
      920.0,
      149.80786765320548
     ],
     [
      1040.0,
      101.13929190237025
     ],
     [
      1160.0,
      50.487321799937426
     ],
     [
      1229.9527861616857,
      40.0
     ],
     [
      1160.0,
      1.2341027364523676
     ],
     [
      1042.748885817039,
      -80.0
     ],
     [
      1040.0,
      -80.32823379757214
     ],
     [
      920.0,
      -104.07159249968085
     ],
     [
      800.0,
      -127.45311760267967
     ],
     [
      680.0,
      -147.93759857029596
     ],
     [
      560.0,
      -159.27054734715466
     ],
     [
      440.0,
      -166.42594895549033
     ],
     [
      320.0,
      -160.9595417072822
     ],
     [
      200.0,
      -137.54579896605503
     ],
     [
      80.0,
      -118.79893526036118
     ],
     [
      -40.0,
      -116.27067854695298
     ],
     [
      -160.0,
      -134.41151084532544
     ],
     [
      -280.0,
      -158.7523868801762
     ],
     [
      -400.0,
      -173.81748783920534
     ],
     [
      -520.0,
      -175.06734405379055
     ],
     [
      -640.0,
      -153.08755327155987
     ],
     [
      -760.0,
      -131.42239362196187
     ],
     [
      -880.0,
      -120.16780828633753
     ],
     [
      -1000.0,
      -114.24036681974911
     ],
     [
      -1120.0,
      -99.34477483017038
     ]
    ]
   }
  }
 ]
}